match_id,tournament_id,p1_id,p2_id,p1_character,p2_character,p1_score,p2_score,Winner_id
1,26,3293,3210,Lexy,Halette,2,0,3293
2,77,4862,875,Kellie,Cassandry,2,0,4862
3,51,112,291,Livia,Remus,0,2,291
4,71,174,2150,Brunhilda,Ermina,2,1,174
5,91,803,1473,Sephira,Helaine,1,2,1473
6,31,674,3758,Mil,Rickey,0,2,3758
7,117,3645,2917,Fiorenze,Mord,1,2,2917
8,26,3525,4827,Kassandra,Raleigh,1,2,4827
9,37,4148,1526,Bernardo,Leta,0,2,1526
10,42,2477,174,Tull,Nevsa,1,2,174
11,48,1812,794,Graehme,Shadow,2,0,1812
12,44,3142,3002,Dario,Thorpe,0,2,3002
13,46,1697,3249,Keary,Nadean,2,1,1697
14,13,617,694,Carlynn,Piotr,2,0,617
15,33,4332,3484,Ruthy,Elvin,1,2,3484
16,13,1596,260,Karney,Donnie,1,2,260
17,48,3571,4453,Anthia,Gina,1,2,4453
18,99,4146,529,Kenyon,Valentia,0,2,529
19,16,339,910,Flemming,Flory,1,2,910
20,4,3055,4596,Calida,Rosalinde,1,2,4596
21,80,3815,1893,Evangelin,Lek,2,1,3815
22,71,1604,4965,Pen,Xenos,1,2,4965
23,89,257,1233,Carita,Lynea,1,2,1233
24,109,3017,773,Cindra,Merlina,1,2,773
25,67,1400,506,Titos,Grata,0,2,506
26,68,897,4796,Corena,Orin,1,2,4796
27,87,4383,4864,Sidonnie,Collie,2,1,4383
28,63,1244,1317,Gabi,Gina,2,0,1244
29,12,4838,1501,Phelia,Osmond,1,2,1501
30,37,2872,1684,Phillipp,Donal,2,1,2872
31,16,41,2517,Martin,Ariela,2,0,41
32,61,2158,2759,Selia,Carlye,0,2,2759
33,69,4756,1761,Tanhya,Avie,2,1,4756
34,62,2959,1373,Arny,Briney,1,2,1373
35,31,1647,4256,Marijn,Caye,0,2,4256
36,75,105,1544,Harry,Eran,0,2,1544
37,73,3818,876,Luce,Gerrilee,1,2,876
38,116,1935,4375,David,Vaughn,1,2,4375
39,65,2208,1754,Cheryl,Randell,0,2,1754
40,34,671,4674,Flemming,Prudi,0,2,4674
41,106,1316,2047,Caron,Meagan,1,2,2047
42,58,3421,206,Ailina,Janna,1,2,206
43,14,890,4739,Rea,Lowe,0,2,4739
44,73,2373,4847,Kelci,Margery,1,2,4847
45,51,3404,2316,Koralle,Adelind,0,2,2316
46,12,2586,3570,Benito,Hilton,2,0,2586
47,101,2202,1781,Murielle,Goddart,2,1,2202
48,107,603,94,Marybeth,Cherice,2,0,603
49,77,3110,2275,Onfroi,Xylia,1,2,2275
50,79,3877,291,Ag,Denice,0,2,291
51,34,1202,4382,Philis,Dorita,2,1,1202
52,5,1661,4270,Aime,Reine,1,2,4270
53,114,524,2082,Lauree,Marietta,2,0,524
54,7,4121,4625,Chadd,Becki,2,0,4121
55,51,3841,4507,Freddi,Ingram,1,2,4507
56,56,4540,4944,Eada,Dee,0,2,4944
57,58,4284,157,Ally,Lois,2,0,4284
58,53,2501,2598,Dolli,Cornie,2,0,2501
59,45,3544,2431,Jyoti,Valentina,1,2,2431
60,42,113,4369,Wade,Dede,0,2,4369
61,60,4158,1124,Aleta,Brooke,1,2,1124
62,4,4429,3370,Daron,Berky,1,2,3370
63,76,202,4135,Gleda,Fiann,1,2,4135
64,62,1641,4219,Garv,Ermengarde,1,2,4219
65,66,1262,420,Devland,Chrotoem,2,1,1262
66,20,1258,4905,Nahum,Upton,2,0,1258
67,55,161,712,Marco,Billye,0,2,712
68,21,3756,1775,Gannon,Keely,0,2,1775
69,50,2133,1941,Stefanie,Antoinette,1,2,1941
70,15,3398,158,Ofelia,Emery,0,2,158
71,7,1211,3229,Wilhelmina,Cecil,0,2,3229
72,75,2419,4603,Jerrilee,Gregoire,1,2,4603
73,97,3031,2993,Sibella,Hannis,2,1,3031
74,105,1859,3993,Erskine,Kale,1,2,3993
75,39,4769,4312,Amalia,Osbourne,0,2,4312
76,110,1504,2774,Jesse,Alain,2,1,1504
77,60,3527,634,Franzen,Barnard,2,0,3527
78,27,4537,1947,Remington,Dante,1,2,1947
79,61,903,1447,Letizia,Teddie,0,2,1447
80,31,1218,1352,Shirley,Antonio,0,2,1352
81,47,882,2605,Cassandry,Neilla,1,2,2605
82,79,3116,3414,Nigel,Justin,0,2,3414
83,102,4696,2134,Tandi,Conny,2,1,4696
84,11,4043,1997,Ellyn,Tracy,1,2,1997
85,16,1569,3838,Minette,Marley,0,2,3838
86,81,3028,4223,Clive,Jarrid,2,0,3028
87,8,3971,3867,Bendix,Vanna,0,2,3867
88,80,1301,2538,Puff,Leela,1,2,2538
89,98,3826,568,Reese,Milly,1,2,568
90,99,4870,2276,Reinaldos,Halimeda,2,0,4870
91,93,273,3100,Dominica,Carol,0,2,3100
92,106,2134,2704,Nataline,Elias,0,2,2704
93,111,467,319,Humfrid,Reginald,0,2,319
94,39,2774,4575,Mirabel,Carena,0,2,4575
95,77,1018,3838,Conan,Mozelle,1,2,3838
96,69,162,3407,Merilyn,Wit,0,2,3407
97,109,4571,1296,Sander,Nonah,1,2,1296
98,28,3379,2068,Eran,Maurice,1,2,2068
99,25,2986,2806,Obidiah,Sallee,0,2,2806
100,58,716,500,Adair,Calhoun,2,0,716
101,70,3110,4302,Merwin,Merwyn,2,0,3110
102,100,1679,3352,Amil,Reagan,1,2,3352
103,31,764,3496,Phaidra,Shir,2,0,764
104,109,2003,1883,Yule,Niko,1,2,1883
105,69,4174,4953,Rudy,Tris,1,2,4953
106,33,3227,4825,Gratia,Davie,2,0,3227
107,79,2576,4360,Killie,Corabelle,0,2,4360
108,10,2872,1086,Meris,Fidelia,0,2,1086
109,85,4624,3910,Cole,Elsinore,1,2,3910
110,15,4450,1454,Aleksandr,Merla,2,1,4450
111,112,1746,1868,Lynde,Ruperto,2,0,1746
112,47,1629,1189,Charlotte,Garreth,1,2,1189
113,27,8,4344,Cheri,Rana,1,2,4344
114,95,3313,3563,Bax,Bent,1,2,3563
115,1,1390,3302,Carlynn,Lotta,2,0,1390
116,47,384,1792,Letti,Dayle,0,2,1792
117,45,4838,1281,Andrus,Timothea,2,1,4838
118,87,4274,2910,Sebastian,Raimondo,0,2,2910
119,116,1532,1023,Heidi,Curtice,0,2,1023
120,6,4999,3464,Sheela,Warner,0,2,3464
121,120,2195,4086,Garreth,Jeralee,1,2,4086
122,91,4334,3522,Ferne,Abelard,0,2,3522
123,7,3278,2081,Stephanus,Suzette,0,2,2081
124,109,3528,1021,Berty,Norah,0,2,1021
125,101,4535,4561,Annabell,Cameron,0,2,4561
126,113,3233,4605,Patience,Juliette,1,2,4605
127,104,3997,1518,Audi,Shae,2,0,3997
128,2,575,918,Roch,Kirby,1,2,918
129,12,2683,3525,Kessia,Merill,1,2,3525
130,63,1124,2059,Georgie,Cornie,1,2,2059
131,47,2899,4595,Tatiana,Jeramey,1,2,4595
132,88,4386,3878,Pegeen,Lombard,0,2,3878
133,120,822,1769,Sharron,Chrissy,1,2,1769
134,85,738,586,Mohandas,Opaline,0,2,586
135,25,2470,2173,Jeanelle,Meier,0,2,2173
136,40,774,4268,Korella,Royce,1,2,4268
137,81,1381,1601,Carol-jean,Antonio,2,1,1381
138,45,2244,4955,Des,Arman,0,2,4955
139,7,4152,3658,Courtenay,April,1,2,3658
140,51,1466,4416,Felipe,Gal,2,0,1466
141,48,1353,2606,Barnard,Northrop,2,1,1353
142,41,4753,4034,Martha,Elysia,0,2,4034
143,79,396,3946,Rosie,Adore,0,2,3946
144,14,4364,1885,Luigi,Bryon,1,2,1885
145,72,720,4286,Clim,Ranice,1,2,4286
146,62,3841,570,Tommie,Gibbie,0,2,570
147,80,761,2817,Xever,Spencer,1,2,2817
148,77,1934,2411,Samuele,Tiertza,2,1,1934
149,27,665,573,Anne,Fanechka,0,2,573
150,105,4727,1480,Ly,Concettina,1,2,1480
151,95,237,1583,Tasia,Cordula,0,2,1583
152,102,3951,2679,Gussi,Sarine,0,2,2679
153,31,598,3024,Carrie,Wenonah,0,2,3024
154,71,542,3251,Lillian,Em,1,2,3251
155,96,2227,2363,Dinah,Stace,1,2,2363
156,22,4639,3875,Maximilien,Nickolas,1,2,3875
157,40,3906,1248,Jennifer,Riannon,2,1,3906
158,43,841,2128,Fonsie,Sid,0,2,2128
159,27,2548,1057,Kirby,Douglass,0,2,1057
160,39,673,1853,Linea,Luisa,0,2,1853
161,118,4474,372,Vergil,Terrill,2,0,4474
162,74,3212,404,Nefen,Ayn,0,2,404
163,22,1194,1999,Paxon,Hughie,0,2,1999
164,104,2499,2967,Camey,Taddeo,2,1,2499
165,47,4356,906,Kenneth,Alaric,1,2,906
166,116,1320,3215,Cheryl,Myrna,2,1,1320
167,87,2284,3178,Tilda,Sherm,2,1,2284
168,60,2907,3046,Sara,Ranee,0,2,3046
169,6,1430,3917,Kasey,Estelle,2,1,1430
170,52,4483,4434,Wilona,Roby,2,0,4483
171,28,2141,517,Kerianne,Mendy,1,2,517
172,5,2364,4809,Dall,Dorry,1,2,4809
173,6,3155,3268,Kile,Ali,0,2,3268
174,111,900,4401,Danita,Barclay,1,2,4401
175,44,3016,3951,Lannie,Carleton,1,2,3951
176,99,3187,410,Madeline,Liz,0,2,410
177,40,2435,3552,Domini,Harland,1,2,3552
178,49,3948,938,Cornell,Ricki,0,2,938
179,18,1365,4079,Ches,Rance,1,2,4079
180,104,3126,1387,Shepperd,Glenine,1,2,1387
181,70,3568,3515,Blaine,Miller,0,2,3515
182,51,4378,4580,Alex,Sharia,0,2,4580
183,95,2157,1647,Jolynn,Henderson,0,2,1647
184,24,1248,3999,Nina,Daisie,1,2,3999
185,61,1236,1675,Corabella,Irwinn,2,1,1236
186,35,288,2998,Debora,Geoff,0,2,2998
187,34,2759,2300,Berke,Emyle,2,0,2759
188,23,1234,3544,Lindie,Odelinda,0,2,3544
189,56,889,3513,Colver,Monica,0,2,3513
190,32,792,1638,Merv,Raeann,1,2,1638
191,34,3511,3208,Hube,Nanci,2,1,3511
192,42,2614,1035,Zaneta,Kandace,2,1,2614
193,69,311,3487,Lucio,Shelly,2,0,311
194,33,3549,4743,Whittaker,Amie,0,2,4743
195,106,1835,4894,Ezri,Ileane,0,2,4894
196,72,2993,4936,Dalt,Jeth,1,2,4936
197,76,1021,4405,Justis,Jaimie,2,1,1021
198,103,2925,3368,Ben,Hubey,0,2,3368
199,39,211,3248,Stephen,Blondy,2,0,211
200,82,4153,4845,Thain,Lebbie,2,0,4153
201,101,4152,1839,Camellia,Oran,2,1,4152
202,44,2303,4499,Tania,Natale,0,2,4499
203,41,2707,1025,Scott,Yorgo,1,2,1025
204,29,3811,1379,Brian,Zaneta,0,2,1379
205,56,288,913,Piggy,Alix,0,2,913
206,19,3249,3710,Karylin,Gregor,1,2,3710
207,64,285,2442,Carlos,Maury,0,2,2442
208,92,4476,3575,Muffin,Yorker,2,1,4476
209,71,3004,4532,Manda,Kermie,2,0,3004
210,97,3203,1939,Julianna,Teodoor,1,2,1939
211,20,2444,3773,Inger,Kissie,2,0,2444
212,42,4799,1577,Melina,Manda,2,1,4799
213,28,4481,2240,Julissa,Alvan,1,2,2240
214,76,4995,2302,Ceciley,Electra,2,1,4995
215,19,2999,4635,Brooke,Sergent,1,2,4635
216,116,1009,2050,Colette,Stoddard,0,2,2050
217,5,1156,3191,Pat,Kay,1,2,3191
218,33,4101,509,Lindy,Holly-anne,2,0,4101
219,42,3736,1739,Tamra,Bucky,0,2,1739
220,41,1468,452,Verena,April,2,1,1468
221,57,1805,3527,Melany,Billie,1,2,3527
222,21,339,4230,Sunny,Conn,1,2,4230
223,17,4735,4669,Layne,Walton,1,2,4669
224,84,2826,2503,Westbrooke,Mikey,0,2,2503
225,111,100,4941,Brenden,George,0,2,4941
226,20,875,3495,Bruis,Benedetto,2,0,875
227,55,2897,1163,Nickey,Norbie,2,1,2897
228,59,4664,1822,Baxy,Nathaniel,2,1,4664
229,107,3633,4792,Skip,Janine,0,2,4792
230,29,390,422,Noemi,Sven,0,2,422
231,29,764,354,Elvera,Lea,0,2,354
232,53,1355,2845,Abraham,Giralda,2,1,1355
233,90,2783,2640,Janelle,Theda,2,1,2783
234,96,1109,4134,Rem,Jillana,1,2,4134
235,28,2509,525,Federica,Base,0,2,525
236,79,1191,1299,Henrik,Pamelina,0,2,1299
237,28,1946,3327,Gordy,Steward,1,2,3327
238,62,4868,2379,Elke,Minnaminnie,1,2,2379
239,97,4456,3536,Britt,Kippie,1,2,3536
240,17,1171,2170,Monro,Nelson,1,2,2170
241,86,4636,4376,Tillie,Tiphani,2,1,4636
242,4,523,673,Lin,Jilli,0,2,673
243,95,2489,990,Corella,Marti,0,2,990
244,1,390,1312,Hilliary,Basilio,0,2,1312
245,19,868,3910,Maridel,Latia,1,2,3910
246,22,739,3089,Emily,Ashien,1,2,3089
247,33,780,4070,Melvyn,Judon,1,2,4070
248,72,4950,74,Conny,Hertha,1,2,74
249,77,1865,2570,Franky,Kippar,1,2,2570
250,44,4577,3322,Ophelie,Udall,0,2,3322
251,45,4867,2135,Micky,Lowe,0,2,2135
252,82,36,3191,Ardis,Marcel,0,2,3191
253,96,2523,1946,Karrie,Jacqui,1,2,1946
254,15,3107,2598,Quinn,Dennis,0,2,2598
255,52,3698,4845,Ambrosi,Lelia,0,2,4845
256,36,811,4718,Madison,Lyn,1,2,4718
257,26,3072,4156,Petronella,Joshia,0,2,4156
258,113,1083,4145,Crista,Elbertine,2,1,1083
259,95,4832,1388,Yevette,Ingunna,1,2,1388
260,58,2990,7,Orelia,Katy,0,2,7
261,44,4204,3567,Zebulen,Erda,2,0,4204
262,46,4517,3427,Annabel,Dory,1,2,3427
263,12,166,1681,Binky,Beth,1,2,1681
264,38,2904,1242,Fowler,Hortense,0,2,1242
265,44,4953,204,Denney,Marys,2,1,4953
266,36,2781,1158,Abbey,Mayne,2,0,2781
267,46,1689,410,Brianne,Ilsa,1,2,410
268,53,1597,1929,Jourdain,Oralle,1,2,1929
269,84,4331,3158,Lucien,Amelia,1,2,3158
270,72,3340,197,Odella,Floris,2,1,3340
271,118,204,4938,Elly,Ange,0,2,4938
272,34,1788,994,Kristin,Kenon,2,1,1788
273,11,68,2568,Karon,Jeremie,2,0,68
274,39,2680,4000,Farleigh,Hedda,0,2,4000
275,99,2179,1723,Gearard,Julee,1,2,1723
276,100,2026,2375,Kora,Jon,1,2,2375
277,61,2168,1290,Ettie,Wenonah,1,2,1290
278,89,4049,3729,Melony,Marcela,0,2,3729
279,6,3935,1904,Jaimie,Wain,0,2,1904
280,12,461,2230,Charlean,Anna,1,2,2230
281,65,4259,3973,Ignaz,Kalli,2,1,4259
282,38,1758,4874,Frannie,Tracy,0,2,4874
283,16,2132,129,Hendrick,Larisa,0,2,129
284,4,794,3524,Sollie,Harvey,1,2,3524
285,35,1153,1255,Broddie,Freddie,2,0,1153
286,14,2278,2493,Holly,Culley,2,1,2278
287,75,2211,567,Emelen,Erv,2,1,2211
288,93,2873,error: String can't be coerced into Fixnum,Karleen,Jessamine,0,2,error: String can't be coerced into Fixnum
289,40,1494,4790,Paulette,Monte,2,0,1494
290,14,4999,1477,Ethelind,Rupert,1,2,1477
291,33,4565,4551,Sascha,Samaria,2,1,4565
292,8,1651,842,Marie-ann,Veronica,0,2,842
293,112,1962,1868,Archibaldo,Lida,2,0,1962
294,70,2387,3620,Ingeberg,Pinchas,0,2,3620
295,112,4054,852,Elton,Missie,1,2,852
296,112,3770,239,Kylen,Georgine,1,2,239
297,18,1245,34,Cully,Hillyer,1,2,34
298,93,2202,1808,Corrie,Finn,1,2,1808
299,111,101,4250,Phylys,Lena,0,2,4250
300,38,4054,1615,Marian,Rhodie,0,2,1615
301,11,1218,866,Mella,Kennie,2,1,1218
302,59,3994,3583,Darill,Kimbra,1,2,3583
303,68,320,1432,Emlyn,Terri,2,0,320
304,62,974,3100,Cammie,Chrystal,2,0,974
305,67,993,1544,Ryun,Adrian,2,1,993
306,31,2964,3859,Reyna,Kali,1,2,3859
307,82,4916,2959,Lin,Jae,0,2,2959
308,73,3602,4384,Sheba,Neale,1,2,4384
309,79,4188,3241,Rebe,Rebeka,0,2,3241
310,92,4153,4619,Foss,Derril,2,1,4153
311,13,102,62,Hercule,Barnard,2,0,102
312,31,4440,2670,Skippy,Arnuad,2,0,4440
313,60,3752,4459,Alanah,Mady,1,2,4459
314,111,30,4251,Letti,Lou,2,1,30
315,30,938,1713,Peta,Wright,2,1,938
316,106,4135,110,Ernest,Raynor,2,1,4135
317,37,3624,2733,Darby,Bambie,1,2,2733
318,49,2661,1321,Erhard,Aeriell,1,2,1321
319,99,2522,1863,Fania,Sabina,2,1,2522
320,26,3952,3301,Millisent,Mano,1,2,3301
321,4,3917,3604,Rahel,Rubi,1,2,3604
322,46,3144,4428,Felipe,Jemmy,2,1,3144
323,72,680,1740,Boycey,Carolan,2,0,680
324,80,412,4668,Elvin,Kathryn,2,0,412
325,23,2391,2482,Francklin,Jessa,1,2,2482
326,68,1076,3921,Mariam,Lizzy,0,2,3921
327,67,2440,3871,Teddy,Kaleena,2,1,2440
328,120,4155,574,Doti,Kai,1,2,574
329,10,4637,3496,Lief,Kara,2,1,4637
330,21,4013,3055,Mavis,Lane,1,2,3055
331,94,394,4952,Romeo,Kamilah,2,0,394
332,49,1485,3120,Berne,Adele,0,2,3120
333,97,269,2896,Doralyn,Violet,1,2,2896
334,25,981,4133,Tedi,Millard,1,2,4133
335,14,4910,4345,Ravid,Audra,0,2,4345
336,88,594,1742,Murial,Constantine,1,2,1742
337,51,4671,2940,Nickie,Yanaton,2,0,4671
338,108,1272,4482,Jeanie,Holli,1,2,4482
339,41,2722,790,Sully,Fifine,0,2,790
340,50,836,4125,Teddy,Isaiah,0,2,4125
341,49,2870,3437,Fonz,Jami,0,2,3437
342,24,4922,324,Northrup,Fred,1,2,324
343,50,2359,1512,Nikkie,Phyllys,0,2,1512
344,24,4633,4378,Paulina,Haroun,0,2,4378
345,16,4956,2705,Sibella,Riannon,2,0,4956
346,16,1813,2973,Harli,Rivy,0,2,2973
347,43,3669,4809,Xena,Bartholomeus,2,1,3669
348,80,2873,4834,Regina,Claire,1,2,4834
349,26,1541,2002,Leigh,Jamal,0,2,2002
350,84,2724,2713,Alfonse,Alyda,0,2,2713
351,9,2272,2626,Nikolaus,Lilian,0,2,2626
352,98,206,4713,Josephine,Malvin,2,0,206
353,30,4237,1669,Lotte,Meta,2,0,4237
354,29,2313,2287,Tucky,Otis,1,2,2287
355,114,76,1085,Hilary,Collin,0,2,1085
356,63,2502,4731,Fee,Roderigo,2,0,2502
357,63,2696,677,Levey,Ham,2,0,2696
358,9,4353,16,Paton,Hurlee,0,2,16
359,22,4823,1093,Corrina,Marcile,1,2,1093
360,111,4787,2783,Shayla,Trip,0,2,2783
361,24,3225,129,Arlin,Mellisa,2,0,3225
362,87,2995,739,Darwin,Lyndell,2,0,2995
363,59,2513,3841,Stuart,Pavia,2,1,2513
364,109,2089,3999,Elbertina,Ryley,2,0,2089
365,107,3060,1679,Pearline,Adams,2,0,3060
366,115,3757,1652,Rayna,Ethelind,2,1,3757
367,29,2869,3481,Aldrich,Marie,2,0,2869
368,90,4964,2214,Myrna,Celle,0,2,2214
369,61,1597,4082,Vasilis,Adrianne,2,0,1597
370,70,2575,2472,Anne-marie,Jere,1,2,2472
371,119,2374,2087,Collie,Shantee,1,2,2087
372,69,4787,3084,Richmound,Mellisent,0,2,3084
373,56,2545,2624,Madelle,Berny,0,2,2624
374,65,3076,4021,Mirabella,Garrik,2,1,3076
375,17,2637,1406,Cyrillus,Martin,2,1,2637
376,92,579,2569,Johannah,Mirabella,1,2,2569
377,58,1424,4245,Rickie,Skell,1,2,4245
378,80,211,3817,Rolph,Drusi,1,2,3817
379,64,1292,2874,Bentlee,Rubina,0,2,2874
380,13,1736,3058,Buck,Alasteir,0,2,3058
381,106,1559,3593,Jacquelyn,Adriena,2,1,1559
382,16,4886,1539,Gherardo,Jemmie,0,2,1539
383,15,4974,2161,Amie,Danell,1,2,2161
384,26,55,1028,Bernhard,Desiri,1,2,1028
385,105,394,2904,Quent,Lorenzo,2,0,394
386,118,1393,1212,Elaina,Bale,2,0,1393
387,53,2787,4624,Mada,Ursulina,1,2,4624
388,31,40,1722,Tricia,Milzie,0,2,1722
389,85,1283,3431,Jo-ann,Welsh,1,2,3431
390,95,2573,4693,Dwight,Shawn,1,2,4693
391,49,4415,4828,Lucie,Eduard,0,2,4828
392,62,3376,1755,Louella,Odell,2,1,3376
393,94,852,4221,Fraser,Howie,0,2,4221
394,7,2161,1660,Tamas,Eli,0,2,1660
395,79,1854,136,Erminia,Brockie,0,2,136
396,83,2932,4664,Arlana,Anson,1,2,4664
397,48,4263,3518,Manny,Christen,0,2,3518
398,84,384,474,Anne-corinne,Christian,0,2,474
399,75,3617,698,Hy,Massimiliano,1,2,698
400,63,4475,1925,Harvey,Cornell,2,0,4475
401,63,205,1060,Austine,Berkley,2,0,205
402,85,447,3632,Pepillo,Darwin,2,0,447
403,100,3397,4444,Loria,Ernest,1,2,4444
404,58,2876,4296,Ileane,Jean,1,2,4296
405,74,4382,1251,Michel,Millisent,1,2,1251
406,78,1903,1375,Zechariah,Josepha,2,0,1903
407,105,277,4867,Mordy,Madelyn,2,1,277
408,75,2005,393,Abbie,Kanya,1,2,393
409,116,4226,1051,Siana,Meredeth,1,2,1051
410,1,2008,2499,Portie,Ervin,1,2,2499
411,76,4878,1832,Aldus,Concordia,2,1,4878
412,108,2889,4746,Katrina,Rosabelle,1,2,4746
413,54,3916,314,Eddy,Florrie,1,2,314
414,110,3843,1909,Kitty,Delinda,1,2,1909
415,31,3578,2579,Graig,Joni,1,2,2579
416,35,4435,1824,D'arcy,Marty,1,2,1824
417,97,754,457,Shayla,Celeste,0,2,457
418,102,4715,2181,Aggi,Jo,1,2,2181
419,22,2621,3940,Reed,Inigo,0,2,3940
420,4,2854,2925,Maximo,Victoria,2,1,2854
421,96,4263,4970,Aime,Analise,1,2,4970
422,63,113,655,Andreas,Bellina,1,2,655
423,51,3675,2447,Helaine,Concordia,0,2,2447
424,111,6,3817,Scarface,Gilda,1,2,3817
425,68,2632,3942,Pearline,Archaimbaud,0,2,3942
426,47,4429,512,Beulah,Auria,1,2,512
427,45,3696,4002,Glenine,Francisca,2,0,3696
428,49,3726,550,Frasier,Bran,0,2,550
429,88,1241,3417,Meggy,Laure,2,1,1241
430,60,657,2338,Lianne,Elaine,1,2,2338
431,43,3480,3015,Shir,Aldwin,1,2,3015
432,45,1233,1563,Charyl,Agatha,0,2,1563
433,85,2229,4376,Zollie,Celestine,2,1,2229
434,116,522,2939,Aloin,Cam,1,2,2939
435,96,4387,3244,Griffie,Karleen,0,2,3244
436,16,3499,2400,Georgie,Britt,2,1,3499
437,23,1001,1295,Doyle,Cammy,1,2,1295
438,72,4915,2071,Jacquette,Christine,0,2,2071
439,93,3386,31,Haley,Cam,0,2,31
440,80,700,754,Mel,Hamlin,0,2,754
441,22,1546,1280,Darcy,Frazer,0,2,1280
442,3,86,2505,Kenn,Laurie,0,2,2505
443,93,873,2544,Bertine,Dimitry,2,1,873
444,48,1040,3742,Jamey,Demott,0,2,3742
445,9,1228,3670,Darelle,Jamill,1,2,3670
446,24,606,3947,Skelly,Daryl,1,2,3947
447,66,4959,2748,Inglis,Saloma,0,2,2748
448,71,1141,4566,Beckie,Alisander,0,2,4566
449,42,4954,949,Amelita,Desmond,1,2,949
450,105,4938,2396,Emmeline,Reube,0,2,2396
451,22,2832,3812,Dyan,Anne,0,2,3812
452,73,3250,4483,Rodd,Arleen,2,1,3250
453,93,2067,1537,Catlaina,Maressa,2,1,2067
454,46,2561,4202,Erek,Hope,2,1,2561
455,106,1874,4833,Karlee,Daphna,0,2,4833
456,17,3751,4265,Gabi,Sophey,1,2,4265
457,6,3872,1809,Kordula,Arlen,0,2,1809
458,40,952,2441,Reade,Estrellita,0,2,2441
459,5,2851,672,Griselda,Shay,1,2,672
460,109,3695,278,Doreen,Bernardo,1,2,278
461,84,3860,975,Chen,Amy,1,2,975
462,1,639,2641,Sephira,Marika,2,1,639
463,12,4641,1937,Therese,Hedi,0,2,1937
464,46,3842,2265,Emmalynn,Wallie,2,1,3842
465,74,4970,93,Patricio,Rupert,1,2,93
466,55,4414,4090,Ahmed,Arlina,1,2,4090
467,1,666,2416,Imogen,Perla,1,2,2416
468,92,331,1442,Susanetta,Lucienne,2,1,331
469,119,2075,3675,Daisy,Yulma,0,2,3675
470,12,3870,4612,Beitris,Eleonore,0,2,4612
471,85,2582,4739,Yale,Gavin,2,1,2582
472,67,967,3954,Tiphanie,Ravid,0,2,3954
473,57,2217,416,Colver,Geraldine,2,1,2217
474,15,3469,2675,Marcelline,Timofei,2,1,3469
475,111,3308,4173,Baily,Vinni,2,0,3308
476,60,3474,1050,Johan,Lorant,1,2,1050
477,48,1367,368,Bobby,Fulvia,2,1,1367
478,106,1985,1285,Josephina,Belicia,2,0,1985
479,104,3840,1930,Rebeka,Barnabe,0,2,1930
480,1,2076,543,Dahlia,Blair,0,2,543
481,8,4715,4310,Krissie,Jayme,2,0,4715
482,63,3698,3327,Clayborne,Carlina,2,1,3698
483,48,2263,4390,Staci,Maxwell,0,2,4390
484,27,3861,182,Kelbee,Cherey,0,2,182
485,85,4475,734,Rosemarie,Giffie,1,2,734
486,68,2436,2131,Tiffie,Zsa zsa,2,0,2436
487,52,4184,2122,Elva,Florette,0,2,2122
488,116,862,617,Carrissa,Cleon,0,2,617
489,5,3481,820,Preston,Natty,0,2,820
490,30,4524,3244,Mina,Livvie,0,2,3244
491,78,3013,17,Dannie,Elfreda,2,1,3013
492,34,2355,1149,Gibbie,Florance,0,2,1149
493,52,3513,1715,Randolf,Jenny,2,1,3513
494,7,3022,3023,Derrek,Chris,2,0,3022
495,109,4801,2691,Claudianus,Tildy,1,2,2691
496,23,2664,1326,Rivy,Staffard,0,2,1326
497,15,1761,4607,Corry,Margie,2,1,1761
498,63,333,302,Maxie,Coralie,0,2,302
499,71,7,3762,Margy,Izak,0,2,3762
500,25,1415,4918,Luis,Marchelle,1,2,4918
501,107,3251,4913,Friedrick,Naomi,2,1,3251
502,96,2567,460,Vonnie,Syd,0,2,460
503,112,3903,96,Tatum,Kare,1,2,96
504,39,131,985,Jarvis,Diena,2,0,131
505,116,2569,1917,Tiebout,Calley,0,2,1917
506,23,4855,3520,Leann,Denys,1,2,3520
507,18,3121,506,Belvia,Averill,1,2,506
508,27,1707,1973,Maxine,Cliff,0,2,1973
509,33,1384,4683,Maxim,Sapphira,1,2,4683
510,118,4694,2806,Dorey,Merry,1,2,2806
511,90,747,1925,Gabi,Adora,0,2,1925
512,10,1643,4711,Rex,Gilburt,0,2,4711
513,34,442,4527,Free,Lalo,1,2,4527
514,10,1036,3310,Kaja,Daren,2,0,1036
515,68,4495,2825,Knox,Thorndike,0,2,2825
516,38,3718,error: String can't be coerced into Fixnum,Lorena,Miof mela,0,2,error: String can't be coerced into Fixnum
517,24,2247,1601,Krystle,Quint,0,2,1601
518,60,2241,911,Victor,Michal,0,2,911
519,112,4194,4734,Wiley,Konstantin,0,2,4734
520,75,227,1440,Edie,Leanor,1,2,1440
521,21,3577,4608,Harbert,Chloris,0,2,4608
522,48,1950,1503,Janene,Marget,1,2,1503
523,96,1169,4460,Rudolph,Electra,0,2,4460
524,73,1004,4165,Delcina,Patricio,2,0,1004
525,87,4188,546,Patty,Fernando,0,2,546
526,3,1726,3610,Annmaria,Tanny,0,2,3610
527,78,4975,1026,Noah,Emmanuel,1,2,1026
528,69,1736,4679,Gerianne,Rosita,0,2,4679
529,87,1498,79,Shane,Kare,1,2,79
530,51,2942,3593,Freda,Felizio,1,2,3593
531,67,4507,125,Jaimie,Tandi,0,2,125
532,52,2237,2442,Harwell,Tammy,2,0,2237
533,90,2831,3517,Amalee,Viva,0,2,3517
534,39,3484,1832,Jennine,Bail,0,2,1832
535,116,60,1619,Alvin,Donetta,2,1,60
536,90,3262,3073,Noe,Sherwin,1,2,3073
537,105,3938,226,Christi,Hestia,0,2,226
538,43,3599,1447,Nefen,Rosalinda,2,1,3599
539,31,2844,2401,Orlando,Kaleena,0,2,2401
540,44,3057,3386,Aeriell,Garry,0,2,3386
541,93,3314,3996,Pembroke,Harriot,2,0,3314
542,7,272,2017,Erskine,Karoly,0,2,2017
543,84,2516,3120,Ilse,Kermie,2,1,2516
544,85,4897,2250,Ardys,Kendricks,1,2,2250
545,41,3790,2549,Kristofer,Benedikta,0,2,2549
546,62,1359,2612,Chicky,Josi,2,1,1359
547,101,2928,642,Gisella,Kasey,2,1,2928
548,35,3740,373,Case,Loreen,0,2,373
549,78,628,936,Scot,Taddeo,2,0,628
550,56,3050,2676,Brook,Yuma,0,2,2676
551,65,2227,4115,Griffie,Theodosia,2,0,2227
552,52,2761,487,Lincoln,Lillis,2,1,2761
553,26,2802,4866,Gael,Hannah,0,2,4866
554,73,313,4731,Artemas,Joyous,2,0,313
555,46,4534,3773,Quintana,Leonanie,2,0,4534
556,87,2232,702,Sully,Cody,1,2,702
557,22,2356,1387,Darill,Rafaellle,2,0,2356
558,59,443,2286,Rhona,Rodie,1,2,2286
559,10,957,3642,Dominique,Loydie,2,0,957
560,13,3877,1574,Aldwin,Vergil,2,1,3877
561,5,3720,593,Rheta,Inness,0,2,593
562,27,165,4543,Christye,Drusy,1,2,4543
563,97,2950,3985,Karalynn,Tybie,2,0,2950
564,83,751,1189,Rachael,Charissa,1,2,1189
565,108,4646,68,Jessamine,Cori,2,0,4646
566,2,196,4016,Vina,Benetta,0,2,4016
567,82,4064,4134,Nevil,Reed,2,0,4064
568,73,125,1796,Sheff,Dasya,1,2,1796
569,72,4010,1364,Wandis,Shaughn,2,1,4010
570,30,633,1103,Gris,Sean,1,2,1103
571,58,3083,3986,Ferdie,Giacopo,1,2,3986
572,19,4917,1570,Gustie,Thaddeus,1,2,1570
573,66,1984,2060,Johnathan,Wiatt,2,1,1984
574,16,2521,2858,Walker,Ad,1,2,2858
575,116,1195,4763,Nilson,Birdie,0,2,4763
576,81,1593,2596,Ofilia,Hailee,0,2,2596
577,120,4833,925,Ursa,Randolf,0,2,925
578,49,1589,430,Goldy,Vite,0,2,430
579,4,1023,2160,Tremayne,Edward,1,2,2160
580,105,4008,1410,Chuck,Claude,2,0,4008
581,97,2679,2356,Izabel,Isadora,2,1,2679
582,35,3586,4416,Cherida,Noble,1,2,4416
583,73,2662,3431,Filide,Pearce,1,2,3431
584,77,4781,450,Ezechiel,Cord,2,0,4781
585,102,3141,4572,Deidre,Avrit,1,2,4572
586,100,2673,4386,Tull,Ashil,2,0,2673
587,46,3679,3271,Eilis,Meredith,2,0,3679
588,51,2530,2680,Chad,Say,2,1,2530
589,60,3005,4906,Sharlene,Wiatt,0,2,4906
590,57,3795,3942,Sibella,Whitman,0,2,3942
591,66,45,1952,Kath,Bartolemo,2,0,45
592,45,1853,2293,Kenna,Zebulen,1,2,2293
593,54,2050,2972,Nisse,Aveline,2,1,2050
594,67,3115,4265,Marlon,Oliver,0,2,4265
595,66,2685,976,Jenna,Corinna,0,2,976
596,59,808,542,Friedrich,Suzy,0,2,542
597,6,3718,3479,Costa,Delly,0,2,3479
598,60,3902,36,Elizabet,Guillemette,2,1,3902
599,29,4219,2152,Gabriella,Corey,1,2,2152
600,102,3436,4074,Collie,Jayme,2,1,3436
601,105,3121,2453,Alden,Fallon,2,1,3121
602,11,3426,2371,Joleen,Eugenius,0,2,2371
603,113,1081,1893,Joli,Jada,1,2,1893
604,14,3902,2823,Leontyne,Rickie,1,2,2823
605,15,3144,3836,Silvano,Berry,0,2,3836
606,107,2084,1514,Crosby,Dom,2,1,2084
607,66,2671,1913,Victor,Davey,0,2,1913
608,64,706,2356,Cass,Bethina,1,2,2356
609,76,1588,763,Burg,Hugibert,1,2,763
610,3,4787,683,Lorena,Tori,0,2,683
611,28,2606,4953,Helga,Marylinda,2,1,2606
612,119,1334,663,Clarisse,Wilfred,0,2,663
613,32,2981,3573,Mariska,Linell,2,0,2981
614,14,1854,1330,Carlina,Darwin,1,2,1330
615,94,1484,3690,Maximo,Flor,2,1,1484
616,60,4875,2623,Abbey,Joye,0,2,2623
617,42,1602,422,Rayna,Ryan,2,1,1602
618,11,3421,2051,Rube,Robyn,2,1,3421
619,30,3618,1181,Torrance,Vaclav,0,2,1181
620,54,4181,1942,Zondra,Ara,0,2,1942
621,98,4330,4243,Gabbie,Rosalind,2,1,4330
622,20,3461,2900,Jessalyn,Franky,2,0,3461
623,39,3503,3642,Arabele,Yetta,1,2,3642
624,112,2515,1729,Eb,Giorgi,2,1,2515
625,74,4993,4573,Zola,Chere,1,2,4573
626,97,2143,4056,Launce,Maggie,1,2,4056
627,105,1829,2838,Craggie,Bessie,2,0,1829
628,78,3855,4945,Merl,Beryl,2,1,3855
629,57,2920,4565,Meris,Melisande,0,2,4565
630,1,1529,2685,Tamas,Lenna,0,2,2685
631,70,4545,1728,Stephana,Fifine,2,1,4545
632,85,948,980,Chicky,Clive,1,2,980
633,98,2027,685,Sheeree,Emery,1,2,685
634,30,3529,3807,Guthry,Brande,2,0,3529
635,98,3030,17,Cyrille,Hanna,1,2,17
636,59,1602,2094,Leonhard,Janel,1,2,2094
637,17,1381,3004,Bernardina,Karim,1,2,3004
638,43,2773,3204,Lorie,Kim,1,2,3204
639,32,305,1516,Ketty,Obadiah,2,0,305
640,42,1342,2348,Kylie,Barr,2,0,1342
641,75,2922,4884,Josepha,Roddy,2,1,2922
642,100,2545,684,Thadeus,Lisetta,2,0,2545
643,33,4699,2648,Beatrisa,Edwina,2,1,4699
644,14,2451,2447,Mira,Maurise,0,2,2447
645,3,4954,2866,Troy,Hilton,2,1,4954
646,74,4896,754,Ad,Thorn,2,0,4896
647,111,2847,3305,Conan,Ginnie,0,2,3305
648,113,2787,363,Jaclyn,Prudy,2,0,2787
649,7,2685,3081,Eugen,Etienne,1,2,3081
650,87,4965,3299,Viviana,Roosevelt,1,2,3299
651,17,2446,2322,Gav,Davidson,0,2,2322
652,94,416,1593,Othello,Levin,0,2,1593
653,19,2736,2902,Jillene,Laura,1,2,2902
654,48,2739,3890,Red,Elisabet,1,2,3890
655,5,3863,240,Brandais,Mariette,1,2,240
656,107,1894,4743,Ignace,Sabina,1,2,4743
657,42,77,3782,Keir,Zelda,2,0,77
658,70,1365,2906,Dael,Edyth,0,2,2906
659,13,2693,4261,Ninon,Kip,0,2,4261
660,13,1521,3316,Gracia,Page,1,2,3316
661,59,2091,2132,Penrod,Des,1,2,2132
662,87,2855,3762,Tye,Kath,0,2,3762
663,90,415,1219,Astra,Heath,1,2,1219
664,102,1747,1588,Kalie,Chas,1,2,1588
665,51,2233,1314,Catlaina,Matelda,1,2,1314
666,41,411,1347,Letizia,Noami,2,1,411
667,37,208,4282,Zaria,Quintus,2,1,208
668,6,3841,2830,Martelle,Noel,1,2,2830
669,44,3071,4232,Elly,Violetta,0,2,4232
670,21,2106,4242,Goran,Guillaume,1,2,4242
671,41,779,4277,Adelind,Kylie,0,2,4277
672,106,4994,4972,Lesli,Donnamarie,0,2,4972
673,14,1457,2673,Berkeley,Carmita,2,0,1457
674,64,147,76,Mikey,Nina,0,2,76
675,4,2672,4641,Levy,Nickolaus,1,2,4641
676,6,2257,287,Jessika,Donalt,1,2,287
677,103,2055,3035,Deeann,Zelda,2,0,2055
678,38,1008,2415,Eba,Anderson,1,2,2415
679,105,1403,4395,Titus,Forest,2,0,1403
680,2,4063,924,Peg,Ernesta,1,2,924
681,93,1181,1851,Joline,Mireille,2,0,1181
682,82,4579,4363,Corrie,Debra,0,2,4363
683,7,1439,1265,Temp,Paddie,0,2,1265
684,45,1671,3581,Zedekiah,Temp,2,0,1671
685,40,147,2096,Ara,Sammie,0,2,2096
686,10,2611,1209,Quinta,Joelie,1,2,1209
687,119,3965,3330,Lexy,Mark,2,0,3965
688,98,1889,1378,Salvatore,Franny,0,2,1378
689,38,1142,2316,Ermentrude,Albertine,0,2,2316
690,78,2296,3668,Jasmine,Mordecai,2,0,2296
691,24,4035,3310,Marijn,Kevon,2,1,4035
692,75,1860,3272,Conny,Torie,2,0,1860
693,20,4255,4671,Mike,Merrill,2,0,4255
694,116,3286,3122,Thaddus,Rhoda,1,2,3122
695,45,3092,1765,Hagen,Neddy,0,2,1765
696,86,1714,2347,Charita,Raddy,0,2,2347
697,118,4491,2571,Meredith,Matthaeus,2,1,4491
698,57,967,2707,Emelen,Lorelle,1,2,2707
699,38,783,970,Kellby,Kristoforo,0,2,970
700,67,4243,1658,Hermann,Ninon,0,2,1658
701,102,1194,619,Ivor,Melina,0,2,619
702,13,540,3883,Mureil,Patrizio,1,2,3883
703,37,4371,4623,Horatia,Chrissy,0,2,4623
704,78,2926,3532,Constantine,Dion,1,2,3532
705,33,4671,4629,Irina,Lamont,2,1,4671
706,64,4644,579,Thomasine,Hermione,2,0,4644
707,78,3016,539,Dwight,Kinny,2,1,3016
708,42,618,4877,Mattie,Almeda,2,0,618
709,103,7,4819,Gay,Antonetta,0,2,4819
710,106,4997,4307,Clay,Eugenius,0,2,4307
711,105,3205,519,Zaccaria,Ashla,1,2,519
712,14,1196,4444,Walt,Andra,0,2,4444
713,54,3436,3641,Even,Katharina,2,1,3436
714,73,4713,4732,Zoe,Nels,1,2,4732
715,100,3265,1371,Mellie,Theo,1,2,1371
716,89,4042,1209,Ricard,Kai,0,2,1209
717,96,2930,1468,Conrade,Renae,2,1,2930
718,20,965,1850,Carolin,Jasun,2,0,965
719,40,4883,3703,Davine,Etan,2,0,4883
720,102,2757,819,Sela,Essy,1,2,819
721,3,791,23,Elyse,Carver,1,2,23
722,32,873,3328,Jakie,Evyn,1,2,3328
723,27,4476,1931,Hill,Eric,0,2,1931
724,41,4166,74,Cordelie,Shelli,1,2,74
725,91,4831,3176,Oralle,Hyacinth,1,2,3176
726,51,922,4172,Debby,Vivyan,1,2,4172
727,104,3465,4037,Tammara,Aristotle,2,0,3465
728,36,85,432,Herbie,Kathrine,1,2,432
729,100,3819,4350,Kate,Sibylle,1,2,4350
730,113,1003,2474,Aurelie,Edmund,0,2,2474
731,88,3690,232,Elyn,Mathew,1,2,232
732,71,4619,2646,Donnajean,Sada,2,1,4619
733,100,2206,1822,Francisca,Sinclare,2,1,2206
734,45,3240,3769,Courtney,Lorant,2,0,3240
735,2,3338,4969,Vaclav,Serene,0,2,4969
736,16,4064,591,Gabriellia,Reamonn,1,2,591
737,11,3638,2066,Evelyn,Clayton,2,0,3638
738,20,4876,4282,Florrie,Maddy,2,1,4876
739,79,3779,3053,Mariele,Gnni,1,2,3053
740,14,615,4912,Salomi,Kimbra,0,2,4912
741,32,3798,46,Gallagher,Luis,1,2,46
742,62,3453,2654,Beale,Byrann,1,2,2654
743,14,72,4701,Mace,Lina,0,2,4701
744,36,2982,3097,Teresina,Mark,0,2,3097
745,2,2859,2674,Josefa,Lari,1,2,2674
746,77,1417,4025,Rex,Viviana,1,2,4025
747,70,4063,1674,Linea,Rosmunda,2,0,4063
748,25,3261,3119,Daveen,Aleda,1,2,3119
749,44,2725,483,Nehemiah,Caspar,2,1,2725
750,24,3785,3675,Adoree,Kellyann,2,0,3785
751,119,4085,789,Elva,Kary,1,2,789
752,64,598,227,Jamima,Aubrey,1,2,227
753,112,4417,2325,Nealon,Olenolin,0,2,2325
754,84,1405,4279,Borden,Georgeanna,1,2,4279
755,9,500,4927,Scottie,Rand,2,1,500
756,53,2211,988,Becky,Erastus,2,0,2211
757,64,4590,355,Ardene,Carolan,2,0,4590
758,33,1120,2406,Moyra,Lem,1,2,2406
759,76,3214,2043,Zak,Franky,0,2,2043
760,119,521,4614,Adan,Lowell,0,2,4614
761,47,1079,3280,Lief,Robinette,1,2,3280
762,116,3752,3554,Bryan,Clemens,0,2,3554
763,97,3422,4712,Krissie,Leigha,2,0,3422
764,56,1677,2091,Leon,Vicki,0,2,2091
765,12,4536,3441,Rickie,Rosalyn,1,2,3441
766,120,168,2395,Staford,Meade,2,1,168
767,47,1102,2360,Deirdre,Hans,1,2,2360
768,100,1376,3103,Derek,Patrizio,0,2,3103
769,10,4594,3349,Isa,Justine,0,2,3349
770,101,2216,447,Melony,Hazel,2,1,2216
771,104,533,2373,Bert,Kelila,0,2,2373
772,102,302,1569,Fionna,Cobby,0,2,1569
773,106,1138,4314,Briggs,Michaella,1,2,4314
774,97,1538,966,Kele,Ede,1,2,966
775,68,4671,4591,Alonso,Rudolfo,0,2,4591
776,27,3539,4562,Sarge,Gipsy,0,2,4562
777,6,2371,4959,Tonye,Braden,2,0,2371
778,118,4215,2607,Ursuline,Dalton,1,2,2607
779,53,4246,262,Zuzana,Urbano,2,0,4246
780,56,2221,2666,Sebastian,Cariotta,2,1,2221
781,50,293,2743,Margeaux,Judd,2,1,293
782,94,3244,2531,Gertruda,Jobey,2,0,3244
783,22,228,163,Edythe,Hilliard,1,2,163
784,93,2691,2531,Lona,Darb,2,1,2691
785,12,500,1849,Rossy,Lennard,2,0,500
786,24,104,3893,Eddy,Kiah,2,0,104
787,80,3958,2827,Kaylil,Kory,1,2,2827
788,115,1470,4068,Noellyn,Ag,1,2,4068
789,100,208,2518,Bevon,Trey,2,1,208
790,107,439,2261,Lauraine,Martina,1,2,2261
791,69,4250,3931,Marissa,Josi,1,2,3931
792,85,1369,1622,Michel,Hyacinthia,2,1,1369
793,14,669,312,Mariele,Sallee,2,0,669
794,66,1749,2221,Idell,Maggie,2,0,1749
795,47,3592,4257,Zsa zsa,Isador,2,1,3592
796,87,4958,1945,Guido,Thor,2,0,4958
797,118,4811,4795,Eleonore,Maynard,0,2,4795
798,49,1905,3870,Delano,Ingelbert,2,0,1905
799,25,3488,1562,Alfred,Sophie,1,2,1562
800,45,3274,4538,Norah,Erny,0,2,4538
801,60,2147,1189,Kassey,Deeann,1,2,1189
802,61,4503,1193,Candice,Lisa,0,2,1193
803,33,2855,2095,Toma,Xylina,0,2,2095
804,108,2547,1262,Ruthie,Milo,0,2,1262
805,53,4778,3208,Pamella,Thaddeus,2,1,4778
806,29,2593,4286,Wash,Zelig,0,2,4286
807,80,2448,85,Jessica,Chrotoem,2,0,2448
808,120,93,2261,Mariele,Cordelie,0,2,2261
809,41,1882,3712,Neville,Fielding,0,2,3712
810,18,4162,4918,Therine,Berne,0,2,4918
811,10,4615,2675,Guglielma,Abie,1,2,2675
812,26,3795,4467,Cleo,Aleece,2,0,3795
813,33,578,473,Mei,Edeline,0,2,473
814,98,957,4411,Carla,Cletus,2,1,957
815,44,3396,3737,Humfrey,Jeffrey,1,2,3737
816,83,3412,3461,Randee,Phillis,1,2,3461
817,2,1646,695,Kiersten,Emmye,2,1,1646
818,94,3067,2692,Cinderella,Fitzgerald,1,2,2692
819,25,4924,1097,Sergent,Garrek,0,2,1097
820,54,1716,2703,Xenia,Sibel,0,2,2703
821,47,2961,1330,Nadine,Cris,0,2,1330
822,114,1174,3419,Bevon,Dinah,0,2,3419
823,95,810,672,Horacio,Brandea,1,2,672
824,115,339,1719,Audie,Tyrone,2,0,339
825,107,806,3655,Drucill,Kelwin,0,2,3655
826,71,2666,717,Herb,Jackelyn,0,2,717
827,101,4645,4488,Valina,Leo,0,2,4488
828,33,807,4419,Josee,Hilda,2,1,807
829,25,537,4872,Robbie,Elsey,1,2,4872
830,115,1608,644,Jilleen,Cullie,2,0,1608
831,53,968,1587,Tasha,Xever,2,0,968
832,93,2776,233,Obediah,Gerianna,2,0,2776
833,72,376,504,Anjela,Oswell,1,2,504
834,7,4901,101,Pauletta,Sofia,2,1,4901
835,22,4052,3346,Adria,Maia,1,2,3346
836,35,694,2927,Wye,Broddy,0,2,2927
837,16,3810,172,Loretta,Jena,0,2,172
838,52,3670,762,Peta,Nola,0,2,762
839,116,4835,3225,Maureene,Dorette,1,2,3225
840,80,932,3355,Torrie,Sibel,1,2,3355
841,111,1345,1663,Bernardo,Odille,1,2,1663
842,6,2402,1733,Norton,Berget,2,1,2402
843,79,2176,3458,Wyatt,Venus,2,0,2176
844,49,1165,4214,Belicia,Raddy,2,0,1165
845,4,358,294,Corey,Ayn,1,2,294
846,103,1886,4428,Maxim,Josefina,0,2,4428
847,64,2641,4170,Nerissa,Anallese,2,1,2641
848,85,3797,4505,Carroll,Rayna,0,2,4505
849,112,1887,559,Ulysses,Ilario,2,1,1887
850,34,364,2764,Stafford,Ebenezer,0,2,2764
851,26,2695,4298,Drew,Sue,2,1,2695
852,47,1578,2639,Nicolea,Zaneta,1,2,2639
853,8,831,380,Flora,Augusto,0,2,380
854,108,4462,1965,Homer,Beverlie,2,1,4462
855,40,1703,948,Gardner,Nobie,2,1,1703
856,100,4403,3911,Amara,Winn,2,0,4403
857,116,3550,778,Tome,Creight,0,2,778
858,6,2796,1023,Olivero,Eliot,0,2,1023
859,22,4662,1624,Dacey,Hube,1,2,1624
860,107,1760,908,Wilhelmina,Orton,2,1,1760
861,21,3492,2927,Alvira,Igor,0,2,2927
862,30,2935,1120,Grant,Evonne,2,0,2935
863,24,1942,3729,Merilee,Kesley,1,2,3729
864,73,2622,3303,Doralynn,Elton,0,2,3303
865,40,2787,3309,Barnie,Shamus,2,1,2787
866,9,2486,3896,Remy,Granville,0,2,3896
867,19,888,625,Jerrie,Gerhardt,0,2,625
868,39,2110,4953,Chick,Cybill,2,0,2110
869,92,4591,2578,Elladine,Goldina,0,2,2578
870,90,4348,1854,Roger,Rosana,1,2,1854
871,43,1154,2467,Chryste,Athena,0,2,2467
872,102,3666,3356,Bria,Minni,1,2,3356
873,12,3815,4244,Clarinda,Brant,2,1,3815
874,59,4376,608,Nanni,Tonye,0,2,608
875,22,4386,2886,Rockey,Felicia,0,2,2886
876,51,2104,1216,Caralie,Leland,1,2,1216
877,19,1713,1142,Hyacinthe,Stu,2,1,1713
878,42,1528,3838,Nara,Von,2,0,1528
879,57,4016,4067,Elsy,Tomlin,2,0,4016
880,38,3188,2414,Hyman,Ailsun,2,1,3188
881,17,1669,2734,Gabbey,Nicholas,0,2,2734
882,95,3891,2145,Elnore,Evy,1,2,2145
883,99,2627,2812,Libbey,Robbie,0,2,2812
884,110,1710,2462,Siana,Ebba,2,0,1710
885,55,3271,693,Rosco,Gaynor,2,0,3271
886,13,1873,4410,Ikey,Haley,2,0,1873
887,19,1888,367,Noel,Vallie,0,2,367
888,102,3307,1790,Jonell,Jermaine,1,2,1790
889,32,3080,2472,Abbie,Talyah,0,2,2472
890,116,1267,1752,Samuel,Drusi,2,0,1267
891,56,2570,3879,Garrek,Prudi,0,2,3879
892,16,114,2930,Lucius,Lyndel,1,2,2930
893,73,3360,2808,Gorden,Gnni,0,2,2808
894,51,1463,1669,Wileen,Dannel,1,2,1669
895,75,1342,907,Dacy,Rosy,2,1,1342
896,17,4812,4005,Phylis,Trish,2,1,4812
897,77,1492,2040,Aubry,Raoul,2,0,1492
898,39,3649,4133,Katerine,Diane-marie,2,1,3649
899,8,2452,4299,Jasun,Jaclin,2,0,2452
900,90,707,3214,Gerry,Halli,1,2,3214
901,11,1480,1528,Shari,Gunilla,0,2,1528
902,112,804,2756,Tallie,Marina,2,1,804
903,111,478,3287,Teresita,Zebulen,1,2,3287
904,111,4179,2143,Orville,Gradeigh,1,2,2143
905,44,4892,3449,Deonne,Ashbey,2,0,4892
906,10,4397,3568,Aylmar,Minny,0,2,3568
907,19,1313,4255,Wood,Prudi,2,0,1313
908,102,836,1200,Mavis,Letizia,0,2,1200
909,22,4860,1969,North,Domeniga,0,2,1969
910,85,2597,2702,Lin,Bart,2,1,2597
911,27,3231,3261,Ingram,Elliot,2,0,3231
912,90,2572,4572,Pieter,Smitty,2,1,2572
913,3,4023,744,Humfrid,Sheffy,2,0,4023
914,83,4897,4320,Case,Hailey,1,2,4320
915,21,1375,3363,Jeannette,Ange,0,2,3363
916,15,2462,910,Germaine,Kinsley,1,2,910
917,20,2673,2658,Frank,Isabelita,0,2,2658
918,38,3715,3951,Buddie,Karola,2,1,3715
919,98,257,1492,Raddie,Almira,1,2,1492
920,83,2193,3061,Marni,Anastasie,2,0,2193
921,16,4311,1135,Imelda,Sephira,0,2,1135
922,35,3362,750,Rolf,Lennie,0,2,750
923,1,3702,2756,Ker,Tani,2,0,3702
924,100,2152,1042,Justine,Eulalie,0,2,1042
925,75,3501,929,Jasmin,Rozanne,2,1,3501
926,86,4876,3762,Menard,Misha,2,0,4876
927,56,3498,1394,Melany,Evania,1,2,1394
928,14,3397,1070,Karon,Nesta,1,2,1070
929,81,3778,773,Gauthier,Thornton,2,1,3778
930,36,4604,3405,Fanechka,Isidoro,0,2,3405
931,73,3199,3599,Carla,Dannye,0,2,3599
932,5,3035,3462,Katie,Clarke,2,1,3035
933,93,3103,4901,Devi,Rolfe,1,2,4901
934,10,528,4957,Woodrow,Lennard,2,1,528
935,84,2182,338,Dell,Barbette,2,1,2182
936,31,2902,297,Val,Sebastian,0,2,297
937,46,3736,112,Jennine,Vanessa,1,2,112
938,37,608,4106,Stacee,Salvidor,0,2,4106
939,116,779,3821,Martica,Sande,1,2,3821
940,37,800,2395,Arne,Darlleen,2,1,800
941,35,2943,1536,Billy,Lion,0,2,1536
942,42,1504,178,Floria,Quinn,0,2,178
943,24,4609,2991,Ky,Daveen,1,2,2991
944,76,4520,706,Rebekah,Garek,2,1,4520
945,8,2740,2688,Blakelee,Myrilla,1,2,2688
946,4,905,903,Crystal,Maximo,0,2,903
947,14,3266,2973,Krystal,Ardenia,2,0,3266
948,96,2634,1876,Cathi,Del,0,2,1876
949,13,3053,3670,Shara,Oneida,0,2,3670
950,39,4744,339,Liuka,Selia,2,1,4744
951,3,3162,2645,Englebert,Porter,2,1,3162
952,51,1765,2366,Marve,Nicolis,1,2,2366
953,111,2909,2664,Henri,Shae,2,1,2909
954,62,3293,557,Bunnie,Joachim,1,2,557
955,10,3563,4139,Zola,Nikolas,1,2,4139
956,105,3237,1236,Rex,Abba,2,1,3237
957,34,3663,585,Tyne,Hugues,1,2,585
958,17,3573,4045,Nickola,Rik,0,2,4045
959,85,4559,4737,Bertie,Elihu,1,2,4737
960,26,1129,3793,Deeann,Lurline,1,2,3793
961,43,4748,2638,Ulberto,Trip,1,2,2638
962,105,3051,2397,Shelbi,Verne,1,2,2397
963,98,3751,3443,Nicko,Page,1,2,3443
964,37,2458,4642,Zacharias,Ulysses,0,2,4642
965,101,1476,4451,Dennie,Sibelle,2,0,1476
966,112,2136,1511,Geno,Issi,1,2,1511
967,95,1457,2630,Aksel,Carol,1,2,2630
968,38,4930,3027,Delia,Sibyl,0,2,3027
969,114,303,1633,Regine,Renee,1,2,1633
970,35,2589,2400,Charlton,Hastings,0,2,2400
971,58,825,1554,Boonie,Rosaline,0,2,1554
972,65,1672,3131,Fae,Heather,0,2,3131
973,3,1664,3162,Arlen,Phillipe,2,1,1664
974,10,2545,4115,Angie,Maudie,0,2,4115
975,4,722,2278,Orton,Jodi,2,0,722
976,110,4462,1637,Edin,Lilias,1,2,1637
977,35,3452,185,Danny,Costa,2,1,3452
978,76,2340,1371,Meredeth,Aubrey,2,1,2340
979,101,4790,306,Virginie,Lind,2,0,4790
980,110,1298,4965,Modestia,Abbey,1,2,4965
981,115,4554,8,Dallas,Alys,1,2,8
982,83,4685,2162,Kalila,Pebrook,2,0,4685
983,71,2077,2729,Glynnis,Tito,0,2,2729
984,26,1913,2540,Casie,Jeromy,0,2,2540
985,65,703,2904,Baryram,Janie,2,1,703
986,87,3536,336,Brett,Saunder,1,2,336
987,16,934,529,Richardo,Somerset,0,2,529
988,77,1512,3189,Alikee,Orlan,1,2,3189
989,32,1601,3847,Hayden,Jameson,0,2,3847
990,53,298,609,Julie,Adria,0,2,609
991,48,1546,2464,Kincaid,Ardyth,2,1,1546
992,8,3221,1388,Brandon,Caspar,0,2,1388
993,115,242,2047,Bambie,Bing,2,1,242
994,54,2159,974,Alvira,Miner,2,0,2159
995,17,2104,1018,Jorgan,Dominik,0,2,1018
996,53,1757,2190,Boot,Orson,0,2,2190
997,42,4927,4326,Lamar,Kory,0,2,4326
998,12,3180,4385,Tamiko,Octavia,1,2,4385
999,23,1981,3706,West,Alis,1,2,3706
1000,41,2252,1959,Bentley,Myriam,2,0,2252
