13001,55,4713,2218,Isabel,Idalina,1,2,2218
13002,46,2372,901,Daniele,Devina,2,0,2372
13003,108,4597,1910,Elliot,Bowie,2,0,4597
13004,120,4215,4837,Eddi,Stillman,2,1,4215
13005,115,2757,2197,Kendell,Phyllida,0,2,2197
13006,101,1586,2866,Mort,Aldo,1,2,2866
13007,3,806,4142,Lyndel,Faunie,2,1,806
13008,45,102,3833,Zackariah,Sheppard,2,0,102
13009,94,1792,2190,Orlando,Reagen,0,2,2190
13010,56,919,3234,Sybil,Meg,2,1,919
13011,84,4886,1343,Udale,Betta,1,2,1343
13012,47,3353,465,Inge,Kristopher,0,2,465
13013,105,2785,18,Holden,Belva,1,2,18
13014,42,2663,2880,Marilin,Ursula,1,2,2880
13015,40,724,2272,Noble,Etheline,2,1,724
13016,112,298,2970,Sydel,Ivonne,0,2,2970
13017,45,359,936,Shana,Trina,2,1,359
13018,52,3046,309,Alphard,Prudy,0,2,309
13019,113,4452,4520,Maury,Judy,2,1,4452
13020,100,1267,4868,Henderson,Boigie,0,2,4868
13021,2,2005,4959,Kali,Gil,0,2,4959
13022,43,2578,3880,Tabbitha,Woody,1,2,3880
13023,28,1652,2336,Theresa,Guillermo,1,2,2336
13024,6,2575,4800,Blair,Luciana,1,2,4800
13025,116,2447,2402,Carolee,Bryanty,1,2,2402
13026,48,2529,4840,Humphrey,Cinnamon,2,0,2529
13027,31,761,2952,Jody,Andy,1,2,2952
13028,57,1608,605,Ginger,Roby,1,2,605
13029,38,4021,4285,Dareen,Carrol,0,2,4285
13030,108,4426,431,Quincy,Vonnie,1,2,431
13031,8,4616,1872,Amandy,Noella,1,2,1872
13032,55,441,1696,Austin,Emily,1,2,1696
13033,43,3576,4478,Georgi,Cathy,1,2,4478
13034,35,1105,610,Debbie,Benedikt,0,2,610
13035,78,4103,1801,Mathe,Lula,0,2,1801
13036,45,3775,3439,Georgianne,Celisse,0,2,3439
13037,8,95,2845,Gayle,Corabelle,2,0,95
13038,73,3804,4809,Jobina,Christy,2,0,3804
13039,86,2638,795,Carver,Kittie,1,2,795
13040,48,4273,4890,Franciskus,Roscoe,1,2,4890
13041,9,876,68,Artair,Madeleine,0,2,68
13042,12,4812,292,Kania,Gustavus,2,1,4812
13043,112,976,2031,Sollie,Yanaton,0,2,2031
13044,48,2527,4807,Hunter,Hedy,1,2,4807
13045,120,3399,2450,Kandace,Emmit,1,2,2450
13046,55,4832,132,Tedmund,Janet,1,2,132
13047,50,2779,2644,Amy,Benedetto,1,2,2644
13048,24,1379,3120,Priscilla,Buffy,0,2,3120
13049,111,4941,1490,Jill,Annadiana,2,0,4941
13050,12,596,4698,Iorgo,Reinhard,1,2,4698
13051,110,49,4590,Ninnette,Selinda,0,2,4590
13052,119,7,425,Halsey,Lizbeth,1,2,425
13053,20,4944,4897,Jefferey,Coralyn,1,2,4897
13054,32,2659,2139,Albie,Johan,2,0,2659
13055,76,715,2326,Morly,Jelene,2,1,715
13056,119,4765,3442,Merralee,Marjie,1,2,3442
13057,94,2755,1326,Dianne,Sampson,2,0,2755
13058,60,326,4472,Teirtza,Lilla,2,0,326
13059,33,2122,1562,Heidie,Theobald,2,0,2122
13060,115,2557,4499,Sindee,Bart,0,2,4499
13061,102,3161,1456,Clayborn,Iseabal,1,2,1456
13062,6,4934,4837,Lynnell,Cornelius,1,2,4837
13063,3,2474,3215,Justin,Fannie,2,0,2474
13064,45,3842,4905,Hillier,Ebeneser,2,0,3842
13065,46,1991,3858,Artemus,Crista,1,2,3858
13066,118,3657,2374,Elane,Alonzo,2,0,3657
13067,4,4115,1943,Dieter,Jodie,2,1,4115
13068,90,4626,2699,Letizia,Laure,1,2,2699
13069,27,3582,3374,Hortense,Gregoor,1,2,3374
13070,85,2039,4277,Papagena,Pansy,0,2,4277
13071,51,2074,4869,Gale,Silvana,1,2,4869
13072,109,4497,71,Julita,Kristal,0,2,71
13073,36,3406,1047,Derron,Christos,0,2,1047
13074,73,855,4739,Caralie,Darsie,0,2,4739
13075,107,1006,94,Malory,Lizbeth,2,1,1006
13076,74,752,3330,Gertie,Farlay,2,0,752
13077,114,3179,2086,Rebbecca,Sonnie,2,1,3179
13078,119,4479,3974,Jere,Xaviera,0,2,3974
13079,120,3563,3393,Michel,Annamaria,0,2,3393
13080,116,4020,203,Jobi,Jeffy,2,0,4020
13081,8,1001,684,Kris,Sheila,0,2,684
13082,31,2221,4168,Loren,Will,2,0,2221
13083,84,2369,4604,Celestine,Nikos,2,0,2369
13084,75,4733,2424,Guntar,Tymothy,1,2,2424
13085,12,3936,1350,Amil,Wini,2,0,3936
13086,15,3604,2676,Sayre,Violet,0,2,2676
13087,84,4315,4225,Ruggiero,Tatum,2,0,4315
13088,69,2779,1603,Eleanora,Enrica,2,1,2779
13089,79,322,161,Kylila,Smith,1,2,161
13090,50,4275,1150,Anabelle,Drucill,2,0,4275
13091,68,2699,1819,Winonah,Horton,2,0,2699
13092,38,775,118,Felecia,West,1,2,118
13093,76,4796,4021,Quinlan,Rebbecca,1,2,4021
13094,98,319,1429,Kris,Tull,0,2,1429
13095,80,2867,4904,Mehetabel,Grannie,1,2,4904
13096,65,3315,4574,Jorie,Aline,0,2,4574
13097,69,2412,3168,Mar,Pam,0,2,3168
13098,58,1707,3560,Lea,Harman,0,2,3560
13099,80,2152,1247,Beatriz,Stanwood,1,2,1247
13100,72,2478,175,Emery,Sarene,1,2,175
13101,107,680,1501,Marshal,Jason,2,0,680
13102,68,688,4559,Tedie,Ingmar,1,2,4559
13103,94,606,179,Thelma,Carroll,0,2,179
13104,66,1448,4500,Carlynne,May,1,2,4500
13105,17,3983,2529,Gardie,Patric,2,1,3983
13106,98,2847,2000,Sheffie,Silvanus,0,2,2000
13107,33,1204,1569,Stevie,Taffy,0,2,1569
13108,102,2062,916,Mireielle,Amye,0,2,916
13109,47,3351,2700,Hendrick,Earle,2,0,3351
13110,45,4047,4746,Elnore,Kylie,1,2,4746
13111,36,3947,982,Elianora,Farrand,2,1,3947
13112,68,1338,438,Mic,Ash,2,0,1338
13113,73,4629,2202,Pablo,Jocelyn,1,2,2202
13114,55,3636,1225,Isis,Tom,2,0,3636
13115,60,4550,461,Dianna,Dorette,0,2,461
13116,114,1546,1905,Min,Stephannie,2,1,1546
13117,105,1643,4165,Geri,Phil,2,1,1643
13118,112,1760,170,Hieronymus,Jervis,2,0,1760
13119,100,2483,3537,Anthea,Elvin,1,2,3537
13120,55,1377,3663,Emmalee,Jermaine,1,2,3663
13121,77,4233,2291,Melva,Etienne,1,2,2291
13122,28,4165,2425,Ash,Bride,1,2,2425
13123,116,3002,3163,Lay,Auberta,1,2,3163
13124,35,4094,1527,Brice,Sukey,2,0,4094
13125,97,4943,2040,Wileen,Ricky,0,2,2040
13126,20,2627,3557,Doyle,Briana,1,2,3557
13127,119,2460,1972,Kayla,Rosemonde,1,2,1972
13128,120,1313,1546,Michele,Schuyler,0,2,1546
13129,115,3741,4517,Marybelle,Ryann,0,2,4517
13130,48,1495,4351,Nicolette,Jamill,0,2,4351
13131,68,4015,4423,Hebert,Barny,2,0,4015
13132,54,1586,4127,Emili,Lilian,0,2,4127
13133,35,2084,3283,Carolan,Charyl,2,1,2084
13134,3,4464,3103,Fernande,Edie,0,2,3103
13135,97,2889,4909,Lind,Karleen,2,1,2889
13136,79,3615,1015,Bonny,Aloysius,1,2,1015
13137,100,4365,4256,Delilah,Harald,2,0,4365
13138,51,27,4845,Bert,Linus,1,2,4845
13139,76,508,3476,Joline,Amelie,0,2,3476
13140,57,3782,4005,Christie,Darwin,0,2,4005
13141,57,3860,69,Durante,Etti,0,2,69
13142,43,1076,2185,Reinold,Roberto,0,2,2185
13143,7,4817,2397,Bartholomeo,Rutter,0,2,2397
13144,35,4706,3522,Dud,Kara-lynn,0,2,3522
13145,61,287,3324,Donall,Kathryn,0,2,3324
13146,9,3392,1222,Bertina,Hobart,2,1,3392
13147,59,1014,2128,Artemis,Thornton,1,2,2128
13148,68,324,3034,Nertie,Wye,0,2,3034
13149,12,4425,623,Toddy,Aile,1,2,623
13150,3,4936,3871,Dalenna,Lianna,1,2,3871
13151,7,3576,4876,Reidar,Chelsie,2,1,3576
13152,22,1742,1449,Wayne,Valentine,1,2,1449
13153,54,1373,4218,Alyse,Betti,0,2,4218
13154,90,617,1423,Caleb,Waite,2,0,617
13155,82,993,3273,Aldric,Dena,2,1,993
13156,104,1987,970,Dulce,Walt,0,2,970
13157,111,1068,2072,Chicky,Tades,2,1,1068
13158,10,4511,3156,Emile,Willy,2,0,4511
13159,79,4184,561,Monroe,Matthias,1,2,561
13160,100,1575,1069,Aretha,Dode,2,1,1575
13161,15,4704,129,Kayley,Stevie,1,2,129
13162,110,2917,3646,Olenka,Natale,1,2,3646
13163,86,956,1484,Lay,Scarlet,2,0,956
13164,64,3396,4351,Rosetta,Josefa,2,1,3396
13165,72,1956,3952,Rodolfo,Estele,0,2,3952
13166,83,898,81,Maxine,Stephannie,2,1,898
13167,59,2718,4117,Aurilia,Marlo,2,0,2718
13168,63,3863,1486,Sharla,Randa,0,2,1486
13169,118,3288,567,Sawyere,Noelle,2,0,3288
13170,116,2567,968,Josi,Carmen,2,0,2567
13171,106,3234,617,Loise,Merrielle,1,2,617
13172,32,4382,676,Alicea,Shellie,2,0,4382
13173,67,3431,4949,Gerrie,Cross,2,1,3431
13174,47,656,942,Cristiano,Yance,0,2,942
13175,18,2671,4424,Rona,Hamid,0,2,4424
13176,12,2622,1017,Leta,Kalinda,2,0,2622
13177,60,2096,2757,Christopher,Godfrey,2,0,2096
13178,1,4096,4037,Roth,Dulsea,1,2,4037
13179,110,3524,1423,Roseann,Sauncho,0,2,1423
13180,65,2398,3318,Robena,Veda,2,1,2398
13181,116,3859,86,Mirabelle,Sebastien,1,2,86
13182,15,1014,4959,Arlana,Skye,2,1,1014
13183,35,3387,2838,Mab,Andros,1,2,2838
13184,73,23,4405,Reynolds,Elisha,2,1,23
13185,93,4468,1862,Harland,Neddy,1,2,1862
13186,69,691,1884,Eduino,Bayard,2,1,691
13187,25,4855,2294,Chris,Cozmo,0,2,2294
13188,40,1570,308,Domini,Bliss,1,2,308
13189,27,1435,2430,Brendan,Robinson,2,0,1435
13190,102,970,3412,Willette,Jodi,1,2,3412
13191,96,4811,347,Thorin,Ken,0,2,347
13192,7,3274,1858,Dionis,Angel,0,2,1858
13193,60,3353,2297,Hewet,Faith,1,2,2297
13194,11,1289,3467,Neall,Isobel,1,2,3467
13195,47,1015,817,Jacobo,Ardith,0,2,817
13196,67,2666,2438,Dominga,Vance,2,0,2666
13197,88,3558,3833,Wallache,Babbette,2,1,3558
13198,99,4877,3996,Cecilio,Felice,2,1,4877
13199,51,1707,2951,Zeb,Blondell,0,2,2951
13200,6,4769,1718,Darcie,Ashil,1,2,1718
13201,42,1789,2598,Pedro,Keir,2,1,1789
13202,19,4460,3837,Joceline,Alison,0,2,3837
13203,93,4975,479,Cassie,Marylee,0,2,479
13204,37,743,3619,Byrom,Ogden,0,2,3619
13205,49,4938,2939,Aigneis,Mychal,1,2,2939
13206,97,1854,3548,Zorana,Saunder,0,2,3548
13207,27,1620,1069,Krystalle,Cristina,2,1,1620
13208,115,3864,440,Ariel,Early,2,0,3864
13209,33,238,384,Rosy,Dani,2,0,238
13210,102,4474,3397,Ruby,Clive,0,2,3397
13211,52,2218,2959,Claudio,Corinne,1,2,2959
13212,52,2966,1608,Nonna,Garfield,2,0,2966
13213,11,2797,1622,Davin,Lynne,1,2,1622
13214,54,3318,2051,Napoleon,Cheri,0,2,2051
13215,108,1871,1838,Abby,Hersch,2,1,1871
13216,43,680,3495,Nancey,Mirella,0,2,3495
13217,101,1073,1003,Anthony,Wally,2,0,1073
13218,30,4499,1127,Berkley,Eustacia,0,2,1127
13219,36,2327,1304,Opaline,Gordie,2,0,2327
13220,52,4719,2058,Fulton,Kele,2,0,4719
13221,5,4659,1629,Debee,Alaine,2,0,4659
13222,50,2856,2942,Ezra,Jarvis,1,2,2942
13223,76,3970,3602,Hobie,Katha,2,0,3970
13224,16,2364,4269,Misha,Diann,2,1,2364
13225,86,2043,909,Dulci,Anett,2,0,2043
13226,87,1633,1355,Frederick,Caryl,0,2,1355
13227,26,2256,3634,Laraine,Koral,1,2,3634
13228,70,4445,1178,Noella,Janaya,1,2,1178
13229,27,397,3339,Urbain,Laird,2,0,397
13230,9,2969,1087,Valry,Jammal,0,2,1087
13231,95,2594,136,Gertrudis,Tania,2,1,2594
13232,32,4411,3542,Hertha,Adorne,0,2,3542
13233,102,3646,3122,Aristotle,Elga,2,0,3646
13234,8,3840,490,Zola,Buiron,0,2,490
13235,120,1626,325,Pedro,Verge,1,2,325
13236,32,424,3721,Marwin,Matthiew,0,2,3721
13237,111,350,205,Adamo,Anastasie,0,2,205
13238,106,1020,1017,Claudell,Florida,0,2,1017
13239,118,833,2930,Elke,Lura,0,2,2930
13240,26,1891,1601,Garfield,Adrienne,2,0,1891
13241,36,4106,4539,Vaughan,Claudine,0,2,4539
13242,50,3038,3413,Gaye,Nathaniel,0,2,3413
13243,118,750,4278,Carley,Brod,0,2,4278
13244,86,2846,2275,Price,Carroll,0,2,2275
13245,39,905,1900,Alanah,Konstance,0,2,1900
13246,48,4550,3427,Jeffie,Tamma,2,0,4550
13247,41,1195,4238,Wynn,Tome,2,0,1195
13248,91,1094,409,Matteo,Kathe,1,2,409
13249,51,2530,3879,Marty,Harmon,1,2,3879
13250,109,1276,4790,Reinold,Brandon,1,2,4790
13251,21,1280,2117,Flossie,Arleta,1,2,2117
13252,43,4863,1752,Jasun,Adrea,0,2,1752
13253,106,2062,1659,Kassey,Rogerio,1,2,1659
13254,23,2942,1461,Allyson,Aggy,0,2,1461
13255,36,3674,3902,Ulrica,Myrtia,1,2,3902
13256,54,2178,257,Helli,Ara,1,2,257
13257,62,715,1123,Carin,Huntington,2,0,715
13258,115,1975,4971,Gregoire,Coleman,1,2,4971
13259,77,1257,4924,Sydel,Phil,2,1,1257
13260,109,1365,2455,Eberto,Orville,0,2,2455
13261,48,1507,1487,Janek,Titus,1,2,1487
13262,29,2357,2439,Lucine,Dacy,0,2,2439
13263,1,4340,2879,Stephen,Oralia,0,2,2879
13264,5,109,4298,Perry,Deeanne,2,1,109
13265,117,4578,72,Clemmy,Rozanne,1,2,72
13266,106,2654,2808,Shoshana,Mimi,2,0,2654
13267,52,3387,4018,Curry,Boris,2,1,3387
13268,64,2191,3009,Ewen,Kirby,2,0,2191
13269,88,1652,577,Matthaeus,Derrek,1,2,577
13270,65,3581,2151,Alvera,Gwennie,1,2,2151
13271,25,4029,2599,Lionel,Aida,1,2,2599
13272,46,2595,717,Evelin,Cecilia,2,1,2595
13273,48,2213,169,Pinchas,Dalston,2,0,2213
13274,95,3140,3484,Whitney,Evita,1,2,3484
13275,66,3989,1428,Sylvan,Andy,2,1,3989
13276,74,3730,1555,Neils,Austina,2,0,3730
13277,102,3682,520,Manuel,Jarrad,0,2,520
13278,73,3472,86,Rhodia,Goran,1,2,86
13279,47,3478,872,Brande,Micky,1,2,872
13280,51,1633,3952,Pamela,Darelle,2,0,1633
13281,53,2199,2907,Carolyne,Dar,2,1,2199
13282,65,2693,4283,Dulcinea,Doretta,2,1,2693
13283,99,454,863,Lorry,Ellette,1,2,863
13284,80,3340,4852,Arturo,Sukey,2,1,3340
13285,3,3620,1347,Flinn,Tyrone,2,0,3620
13286,33,2485,178,Chuck,Neila,0,2,178
13287,18,1354,2120,Trish,Dimitri,0,2,2120
13288,74,4047,4923,Eldin,Bibi,0,2,4923
13289,33,2321,2067,Dawn,Garwood,2,0,2321
13290,20,2443,1832,Tracy,Ashli,1,2,1832
13291,46,2952,4019,Cullen,Edwin,1,2,4019
13292,18,2888,4324,Enrica,Herc,0,2,4324
13293,79,4914,2088,Gabrielle,Frazier,1,2,2088
13294,14,4006,1723,Alina,Burg,0,2,1723
13295,61,3594,2623,Lacie,Lynna,0,2,2623
13296,59,713,2654,Logan,Ajay,2,1,713
13297,58,4862,2308,Kimberlee,Kendrick,1,2,2308
13298,3,278,1476,Kati,Benedick,1,2,1476
13299,8,3469,4828,Jacquie,Vasilis,2,1,3469
13300,2,4005,2194,Deirdre,Maisey,2,1,4005
13301,70,1008,3949,Pier,Jonathon,2,1,1008
13302,75,3815,3225,Aarika,Maynord,1,2,3225
13303,95,4108,1355,Katine,Dalton,0,2,1355
13304,68,998,4225,Harwell,Tersina,1,2,4225
13305,39,749,554,Alick,Emilie,2,0,749
13306,82,553,4326,Bryant,Glyn,0,2,4326
13307,80,3352,2681,Care,Maxie,2,1,3352
13308,71,963,719,Eydie,Isahella,0,2,719
13309,91,229,4895,Sarah,Heida,2,1,229
13310,51,4439,434,Verla,Melisande,2,1,4439
13311,102,1453,2513,Marsha,Danita,0,2,2513
13312,94,49,4296,Francesco,Orlando,1,2,4296
13313,72,4067,1202,Cordelie,Hoyt,1,2,1202
13314,93,3403,3843,Stefa,Donall,0,2,3843
13315,58,4418,933,Rayner,Gilberta,2,0,4418
13316,100,4432,2216,Alfy,Darell,1,2,2216
13317,28,927,3299,Ilise,Stanislas,1,2,3299
13318,79,3434,1964,Yetta,Emelita,2,0,3434
13319,49,3866,4127,Rosanne,Phebe,2,1,3866
13320,72,2416,3439,Leandra,Bank,0,2,3439
13321,99,750,1336,Orsola,Dorella,0,2,1336
13322,99,2768,3858,Jennee,Coreen,0,2,3858
13323,75,1128,3158,Reina,Lynette,0,2,3158
13324,91,3770,1520,Elisabet,Othilia,0,2,1520
13325,58,2531,167,Loutitia,Juanita,2,1,2531
13326,55,3987,2612,Siward,Latrena,1,2,2612
13327,97,2857,4450,Dionne,Lewes,1,2,4450
13328,49,4078,1957,Leisha,Cherise,2,1,4078
13329,94,3633,1235,Ado,Vassili,1,2,1235
13330,78,4541,190,Aloisia,Sheryl,2,1,4541
13331,97,1042,3715,Lolita,Urbanus,1,2,3715
13332,70,1369,3099,Clarke,Tybi,0,2,3099
13333,36,2766,4556,Heall,Guy,1,2,4556
13334,11,3241,3331,Debra,Wilmar,0,2,3331
13335,85,2410,160,Tanitansy,Suzette,2,1,2410
13336,13,3938,906,Barbie,Lindon,1,2,906
13337,19,1141,3380,Leroi,Trixy,0,2,3380
13338,29,3730,205,Wake,Corissa,1,2,205
13339,19,1592,3734,Cyrus,Edmon,0,2,3734
13340,107,437,2859,Andreana,Lorne,1,2,2859
13341,68,2486,2063,Jarib,Lamond,0,2,2063
13342,69,1010,1420,Shannah,Raul,2,1,1010
13343,13,2819,3720,Isadore,Jacinta,0,2,3720
13344,119,58,2968,Auberta,Olenka,0,2,2968
13345,114,1803,3677,Daveta,Marlowe,0,2,3677
13346,65,4380,3847,Gregor,Ailbert,1,2,3847
13347,64,17,114,Aubert,Bessy,2,1,17
13348,115,4944,4949,Avie,Roderigo,0,2,4949
13349,63,3716,1734,Web,Belicia,0,2,1734
13350,46,2549,2297,Ortensia,Adena,1,2,2297
13351,26,1244,4671,Fawn,Marcel,2,0,1244
13352,86,2314,2930,Parrnell,Jody,2,0,2314
13353,114,3773,2804,Farand,Adelle,0,2,2804
13354,80,3053,3028,Dore,Herschel,0,2,3028
13355,50,3129,859,Filberte,Daisy,2,0,3129
13356,44,1444,3792,Brietta,Lorene,0,2,3792
13357,41,156,1466,Alecia,Nickolaus,1,2,1466
13358,108,1452,3871,Rolph,Eldon,1,2,3871
13359,35,4518,1348,Terry,Flint,0,2,1348
13360,6,2292,3973,Ellsworth,Pauly,0,2,3973
13361,76,4246,4354,Myrtice,Nicolai,2,1,4246
13362,107,1295,3181,Antoni,Flinn,2,1,1295
13363,3,4985,303,Clemens,Marcella,1,2,303
13364,10,1190,3024,Illa,Demeter,2,1,1190
13365,69,1060,1267,Herman,Percy,1,2,1267
13366,31,4849,158,Edin,Harald,2,0,4849
13367,61,2450,1148,Wilow,Herold,0,2,1148
13368,91,1709,4599,Lauritz,Jade,0,2,4599
13369,117,772,4373,Vere,Elwira,0,2,4373
13370,31,2033,3919,Gerald,Ax,2,0,2033
13371,85,1337,900,Karilynn,Juliana,0,2,900
13372,110,3681,2668,Erny,Ches,0,2,2668
13373,92,716,169,Elana,Enrika,2,0,716
13374,84,3335,1209,Helena,Bianka,0,2,1209
13375,113,3343,378,Kaela,Pierre,1,2,378
13376,49,4976,4725,Eustacia,Bevin,2,1,4976
13377,71,226,4691,Gretta,Perkin,2,0,226
13378,4,3966,2175,Lou,Whitman,2,1,3966
13379,72,2029,1531,Torrie,Tracy,1,2,1531
13380,55,961,3420,Pattie,Nickolai,2,0,961
13381,82,269,1416,Audy,Chevalier,2,1,269
13382,19,1228,3217,Wyn,Marysa,1,2,3217
13383,83,2312,3949,Lion,Clayson,0,2,3949
13384,93,3540,3697,Philis,Berget,2,0,3540
13385,55,895,642,Archibaldo,Agnese,0,2,642
13386,6,4648,2041,Cordy,Aharon,2,0,4648
13387,115,3297,2819,Elysia,Nicolai,1,2,2819
13388,10,2007,3951,Claire,Dannel,1,2,3951
13389,108,1727,470,Damara,Gerick,0,2,470
13390,112,2256,1798,Diandra,Evered,2,1,2256
13391,57,3787,4103,Berna,Malinda,2,1,3787
13392,44,3121,683,Ana,Julienne,1,2,683
13393,105,348,2442,Willis,Mable,0,2,2442
13394,87,2150,4420,Armando,Brockie,2,1,2150
13395,54,3744,126,Eveleen,Olivero,2,1,3744
13396,63,1206,450,Shelly,Maritsa,2,0,1206
13397,29,4855,3035,Dennie,Thalia,1,2,3035
13398,14,3687,284,Clementius,Kris,1,2,284
13399,54,1729,132,Ciel,Starr,0,2,132
13400,51,3165,1170,Meyer,Lauree,2,0,3165
13401,66,329,2766,Paquito,Gregg,2,1,329
13402,108,386,1027,Mattie,Maddi,2,1,386
13403,95,4371,3579,Odelle,Morganne,0,2,3579
13404,40,4904,3544,Cindee,Den,1,2,3544
13405,115,3942,4651,Kendall,Jilli,0,2,4651
13406,64,3197,2320,Aili,Willi,2,1,3197
13407,84,5000,2983,Bebe,Lennard,1,2,2983
13408,86,282,3003,Harbert,Rosalynd,2,0,282
13409,108,4607,3249,Candie,Inigo,0,2,3249
13410,44,4954,3439,Efren,Godard,2,0,4954
13411,88,3333,1256,Kele,Avram,1,2,1256
13412,17,828,3908,Lena,Nicolas,1,2,3908
13413,81,4032,3187,Marlin,Sarene,1,2,3187
13414,113,2186,583,Blakeley,Reba,0,2,583
13415,100,625,906,Benedicto,D'arcy,0,2,906
13416,43,986,4346,Maridel,Bettina,1,2,4346
13417,47,1119,2995,Andrea,Naoma,1,2,2995
13418,68,3867,4829,Niel,Lisha,2,0,3867
13419,116,4553,4247,Mylo,Von,0,2,4247
13420,86,2382,4655,Dina,Flynn,2,1,2382
13421,53,3205,2495,Kathlin,Ferris,0,2,2495
13422,17,3590,4622,Karina,Sissy,1,2,4622
13423,10,2641,145,Jefferey,Hewitt,0,2,145
13424,9,3779,2659,Christiane,Nicholas,2,0,3779
13425,31,191,4414,Fawn,Alexia,1,2,4414
13426,15,110,1947,Ruddie,Nichol,2,1,110
13427,71,2321,1032,Bibbye,Gisella,0,2,1032
13428,20,2634,2730,Fleurette,Shadow,0,2,2730
13429,25,1079,3720,Anne,Winthrop,0,2,3720
13430,82,4435,2036,Tedda,Saudra,0,2,2036
13431,51,2496,897,Camellia,Agathe,0,2,897
13432,41,3223,3074,Rianon,Hewitt,2,1,3223
13433,50,3549,2434,Giacomo,Raddie,0,2,2434
13434,19,852,627,Edin,Emmalynn,0,2,627
13435,57,3695,4069,Keriann,Julius,2,1,3695
13436,70,1077,4850,Brandais,Kippie,2,0,1077
13437,96,3862,2744,Uriah,Obidiah,1,2,2744
13438,104,4217,710,Norrie,Mikol,2,0,4217
13439,81,3079,3304,Valaria,Gay,0,2,3304
13440,65,2526,1458,Rodolphe,Brianna,1,2,1458
13441,89,439,3814,Kevyn,Dorelle,2,0,439
13442,62,4327,4267,Bobbie,Kelley,0,2,4267
13443,72,1072,1837,Bobine,Cyndie,1,2,1837
13444,41,1573,875,Nickolai,Cleo,1,2,875
13445,30,4805,2614,Kenyon,Anneliese,1,2,2614
13446,44,4623,3819,Kin,Conant,1,2,3819
13447,3,2620,741,Jeremy,Kirbie,1,2,741
13448,72,841,3178,Charmaine,Michelle,0,2,3178
13449,38,2829,3226,Judas,Robenia,1,2,3226
13450,22,2578,1860,Clay,Pepito,0,2,1860
13451,38,1073,2146,Krisha,Shaylynn,1,2,2146
13452,2,2829,3273,Vitia,Vanni,0,2,3273
13453,44,3160,4972,Bernadina,Marsh,0,2,4972
13454,111,4408,1379,Megen,Cassie,2,1,4408
13455,86,1525,1499,Nickie,Merla,2,1,1525
13456,19,1018,4950,Alejandrina,Haily,1,2,4950
13457,95,1165,572,Hinze,Smitty,1,2,572
13458,29,2062,3207,Sharyl,Ynez,1,2,3207
13459,53,1953,4191,Lisbeth,Andres,0,2,4191
13460,16,1070,381,Svend,Roderic,0,2,381
13461,63,985,2304,Niels,Carly,0,2,2304
13462,18,1998,3214,Mahmoud,Salome,0,2,3214
13463,29,4834,2143,Jolee,Allissa,1,2,2143
13464,91,2717,768,Caroljean,Inglebert,0,2,768
13465,35,4194,2145,Chryste,Lottie,1,2,2145
13466,86,1988,2444,Gal,Clarette,1,2,2444
13467,67,2849,4713,Casi,Fabiano,2,0,2849
13468,19,2286,1286,Earlie,Vittorio,2,1,2286
13469,50,3342,3928,Karrah,Pepita,1,2,3928
13470,68,4076,3326,Michaela,Laurie,2,0,4076
13471,78,1069,4195,Elna,Lorrin,0,2,4195
13472,64,412,2886,Maury,Joelie,1,2,2886
13473,99,1936,2620,Wynn,Lotti,0,2,2620
13474,86,1446,1122,Salvador,Dex,0,2,1122
13475,84,1081,2936,Rozamond,Kassey,1,2,2936
13476,63,3459,3971,Marisa,Madeline,1,2,3971
13477,25,1593,716,Darci,Maxy,1,2,716
13478,40,2963,4024,Cam,Standford,0,2,4024
13479,110,3194,1571,Stirling,Desiree,2,0,3194
13480,64,3342,3119,Gannie,Alexine,2,1,3342
13481,51,2870,2013,Stella,Jaquith,0,2,2013
13482,14,764,4141,Denys,Wrennie,2,1,764
13483,33,2623,4677,Halley,Ulick,1,2,4677
13484,26,1850,1188,Sherwood,Reynolds,0,2,1188
13485,7,4700,3237,Belinda,Hodge,0,2,3237
13486,45,4905,959,Minnnie,Jerrylee,0,2,959
13487,25,4325,923,Keenan,Timothy,1,2,923
13488,37,257,1286,Clarisse,Hayward,0,2,1286
13489,8,1470,3922,Vale,Marcile,0,2,3922
13490,46,2794,873,Koralle,Hendrik,1,2,873
13491,87,4106,4227,Cecil,Andie,0,2,4227
13492,12,2061,4416,Mendel,Bastien,0,2,4416
13493,49,1689,2877,Ellene,Ardra,2,1,1689
13494,65,3952,1041,Alphonso,Nikolaus,2,0,3952
13495,98,2712,4478,Vincenty,April,2,1,2712
13496,90,104,3096,Shauna,Amye,0,2,3096
13497,27,2656,3480,Kinna,Dirk,1,2,3480
13498,61,4825,3839,Holly,Reinald,2,1,4825
13499,89,1645,2355,Rhodia,Shantee,1,2,2355
13500,56,4899,3097,Kellsie,Geordie,0,2,3097
13501,40,3834,2073,Natka,Read,1,2,2073
13502,117,4177,1703,Tracie,Reinaldo,0,2,1703
13503,6,4027,4513,Maureene,Leola,2,1,4027
13504,61,3446,1891,Alyda,Cissiee,0,2,1891
13505,64,646,2150,Michal,Mohammed,1,2,2150
13506,105,935,1178,Delora,Saraann,2,0,935
13507,57,241,4176,Yolanda,Brynn,0,2,4176
13508,38,4757,229,Tremayne,Carey,2,0,4757
13509,79,955,800,Caresa,Maurie,2,0,955
13510,39,4883,3902,Delcine,Raychel,2,0,4883
13511,103,2507,2265,Rex,Nathalia,1,2,2265
13512,2,3699,594,Berky,Cherianne,2,1,3699
13513,73,2166,1782,Jakob,Gibbie,2,0,2166
13514,10,362,1748,Rey,Brice,2,0,362
13515,111,2270,1355,Aeriela,Grove,1,2,1355
13516,5,1868,2588,Lock,Martguerita,0,2,2588
13517,37,906,3932,Clarissa,Lucia,1,2,3932
13518,81,4882,4279,Catherin,El,2,0,4882
13519,2,4939,3172,Joan,Mair,1,2,3172
13520,92,3017,4238,Erhart,Saundra,2,1,3017
13521,29,1881,3891,Marcel,Gerrard,1,2,3891
13522,24,3651,1832,Debby,Pamella,1,2,1832
13523,55,4267,1092,Alric,Gustavo,2,0,4267
13524,86,660,4482,Sharron,Joela,2,1,660
13525,69,3245,190,Jacqueline,Mohandis,1,2,190
13526,79,2904,3283,Binny,Georgie,0,2,3283
13527,114,117,430,Kylynn,Friedrick,2,1,117
13528,73,937,2666,Crin,Ellerey,0,2,2666
13529,49,3032,823,Darbie,Marlie,1,2,823
13530,61,2834,4574,Shel,Felice,0,2,4574
13531,108,2865,4271,Hoyt,Bobette,1,2,4271
13532,71,4305,1865,Leupold,Roger,0,2,1865
13533,107,3525,4978,Nicol,Koren,1,2,4978
13534,77,2619,3917,Marcela,Rori,2,1,2619
13535,42,3330,967,Miguela,Ericka,0,2,967
13536,113,1719,4911,Bram,Paulina,1,2,4911
13537,73,4778,4744,Jacintha,Cristobal,1,2,4744
13538,106,2913,1101,Albrecht,Charla,0,2,1101
13539,18,4041,993,Idalia,Linus,2,1,4041
13540,95,328,3339,Blondelle,Georgi,2,0,328
13541,47,2898,2453,Verna,Karrah,1,2,2453
13542,42,2571,192,Verge,Blisse,1,2,192
13543,6,1712,52,Devora,Neille,0,2,52
13544,53,36,3489,Guillaume,Clare,1,2,3489
13545,68,2981,3956,Archaimbaud,Karil,0,2,3956
13546,26,1870,171,Camille,Winn,0,2,171
13547,110,1200,660,Valery,Carlyn,2,1,1200
13548,36,3775,2420,Hunter,Dean,2,1,3775
13549,9,1341,2102,Caitrin,Michaelina,2,1,1341
13550,83,2683,3616,Millard,Carlynn,0,2,3616
13551,80,2994,3451,Giusto,Bartolemo,2,0,2994
13552,37,1500,4764,Matthaeus,Selina,0,2,4764
13553,13,3614,4230,Neddie,Rowland,2,0,3614
13554,5,4610,2221,Emmett,Demetrius,2,0,4610
13555,81,895,1472,Carmella,Min,2,1,895
13556,77,1232,929,Opal,Ruthi,1,2,929
13557,118,3833,2203,Hanni,Wendel,0,2,2203
13558,13,931,2735,Eustacia,Stanislaus,0,2,2735
13559,97,516,2844,Juliet,Loretta,1,2,2844
13560,2,2965,752,Dedra,Gill,0,2,752
13561,90,1817,2476,Cosmo,Orelia,1,2,2476
13562,112,1774,2504,Clarie,Malena,0,2,2504
13563,49,690,4876,Shane,Leah,1,2,4876
13564,20,2524,4057,Benedicta,Allix,1,2,4057
13565,116,3309,2048,Moe,Cher,2,0,3309
13566,2,4468,4154,Flor,Barty,1,2,4154
13567,61,4233,816,Wake,Blondy,2,0,4233
13568,23,3370,2296,Kaleb,Mayor,0,2,2296
13569,39,4307,1726,Evangeline,Jarid,0,2,1726
13570,57,3910,3035,Mathias,Gwyneth,1,2,3035
13571,72,3031,3016,Lila,Phillip,0,2,3016
13572,87,4804,3108,Benoite,Berkly,0,2,3108
13573,39,176,4768,Malia,Claybourne,2,1,176
13574,49,3689,2687,Myrtle,Salomon,2,0,3689
13575,110,2092,187,Corrie,Felicity,1,2,187
13576,115,1565,2941,Samuele,Elfrieda,2,0,1565
13577,80,2871,634,Ludovika,Amandi,2,0,2871
13578,10,4118,4803,Bria,Sheela,0,2,4803
13579,26,3830,823,Jamesy,Vania,0,2,823
13580,20,61,2233,Drusi,Petronilla,1,2,2233
13581,45,1482,4885,Killie,Vasily,0,2,4885
13582,120,950,726,Riobard,Bryan,0,2,726
13583,24,1345,3466,James,Filip,1,2,3466
13584,110,25,3531,Artus,Una,1,2,3531
13585,67,3894,3986,Korrie,Korney,0,2,3986
13586,54,1296,4178,Anderea,Carolus,2,1,1296
13587,93,1647,1140,Cordula,Georgetta,0,2,1140
13588,113,3984,2653,Kerk,Calley,1,2,2653
13589,75,1361,3868,Zilvia,Orion,2,0,1361
13590,43,4286,4237,Syman,Tatiana,0,2,4237
13591,104,897,4259,Harriett,Indira,2,0,897
13592,47,2167,705,Kippar,Lonnard,2,1,2167
13593,16,2293,600,Edie,Serene,0,2,600
13594,39,2184,2000,Mellicent,Gertrude,2,1,2184
13595,32,3385,214,Cris,Lanie,1,2,214
13596,26,4364,1186,Paton,Prissie,1,2,1186
13597,72,151,311,Randolf,Gareth,2,1,151
13598,35,4134,1715,Lane,Tamra,2,0,4134
13599,45,3022,1346,Fenelia,Leanor,0,2,1346
13600,86,2594,2320,Bertie,Amos,1,2,2320
13601,76,1274,1872,Tildy,Delbert,2,0,1274
13602,109,271,1557,Adolpho,Mitchell,0,2,1557
13603,33,4633,4577,Olva,Nani,2,0,4633
13604,29,4768,4558,Cass,Aaren,0,2,4558
13605,47,3578,681,Colver,Clarabelle,2,1,3578
13606,49,4749,1706,Sargent,Kacey,0,2,1706
13607,97,3427,2540,Reed,Betteanne,0,2,2540
13608,55,1489,1807,Pamella,Nicol,0,2,1807
13609,84,1939,4506,Cherilynn,Myrna,2,0,1939
13610,32,1822,2489,Binnie,Zola,0,2,2489
13611,32,3457,4163,Shannon,Oswell,0,2,4163
13612,34,4198,3822,Ludovika,Carr,1,2,3822
13613,95,3245,2835,Tammi,Gloriana,1,2,2835
13614,110,3616,4817,Julina,Aila,0,2,4817
13615,36,1111,610,Marjie,Emilio,0,2,610
13616,26,2343,3921,Fan,Constantia,2,0,2343
13617,32,1609,741,Lanita,Eve,1,2,741
13618,86,815,4240,Tyrus,Amii,2,1,815
13619,9,3893,1323,Maggie,Nicolai,0,2,1323
13620,116,4755,2788,Michaeline,Pru,2,0,4755
13621,3,2387,3466,Ingar,Artair,1,2,3466
13622,40,4565,1926,Brigitta,Victor,0,2,1926
13623,74,2970,3756,Gualterio,Rourke,0,2,3756
13624,88,1563,598,Iosep,Baily,1,2,598
13625,77,1757,1350,Carey,Domingo,0,2,1350
13626,8,1877,2953,Eli,Rosella,1,2,2953
13627,30,2455,4999,Ted,Robby,0,2,4999
13628,25,1085,543,Kelbee,Ciel,0,2,543
13629,12,236,2449,Woody,Lenna,2,0,236
13630,38,3911,3739,Iain,Brena,1,2,3739
13631,38,2666,4660,Hanny,Sheeree,1,2,4660
13632,49,3909,3540,Jandy,Ellerey,1,2,3540
13633,27,810,590,Greer,Franciskus,2,0,810
13634,31,2394,1029,Thacher,Maryl,1,2,1029
13635,87,4590,110,Adda,Inger,2,0,4590
13636,73,4605,832,Gabriel,Seline,1,2,832
13637,9,3963,2687,Gwenny,Chelsie,1,2,2687
13638,30,2458,4261,Niki,Augustina,0,2,4261
13639,66,2404,2040,Allyn,Darrel,0,2,2040
13640,16,4498,82,Falito,Kelci,1,2,82
13641,64,2055,2253,Winni,Katharyn,2,1,2055
13642,109,1959,2201,Edgard,Cynthia,0,2,2201
13643,81,4380,4464,Benoite,Granthem,0,2,4464
13644,78,3152,1979,Maire,Mischa,2,0,3152
13645,43,3005,4892,Harrietta,Paolina,2,0,3005
13646,61,271,3533,Teri,Maryanna,2,0,271
13647,39,3044,162,Rockey,Izak,1,2,162
13648,60,4995,4263,Margot,Rudolfo,2,1,4995
13649,120,4337,4127,Cindra,Bald,0,2,4127
13650,87,3119,3799,Ursola,Pandora,2,1,3119
13651,34,3986,464,Valma,Bethany,1,2,464
13652,65,2474,3651,Evelyn,Farlie,1,2,3651
13653,10,636,2241,Lowrance,Carma,0,2,2241
13654,17,1059,4537,Carlie,Feodor,2,1,1059
13655,52,3207,2117,Jayne,Abbye,1,2,2117
13656,78,3292,3914,Cindra,Barnie,1,2,3914
13657,14,1897,4846,Fredi,Korey,0,2,4846
13658,23,3944,2970,Robinia,Kilian,1,2,2970
13659,70,1034,1499,Iolanthe,Melly,0,2,1499
13660,8,1184,1415,Amata,Elbertina,0,2,1415
13661,12,336,2022,Morgana,Guthry,0,2,2022
13662,113,1495,607,Cos,Benedick,2,1,1495
13663,69,687,517,Mariam,Tuckie,1,2,517
13664,74,2353,841,Corrine,Aldin,2,0,2353
13665,108,3352,2039,Dix,Oby,0,2,2039
13666,11,3126,3427,Karney,Callida,1,2,3427
13667,88,4416,1142,Cornell,Noellyn,0,2,1142
13668,11,2750,3799,Darlene,Jodi,1,2,3799
13669,99,306,2848,Shamus,Alejoa,0,2,2848
13670,67,3110,1057,Bartram,Thorstein,1,2,1057
13671,40,2853,1365,Neville,Harli,1,2,1365
13672,34,3955,1363,Marthena,Hester,2,0,3955
13673,12,4049,2235,Luke,Lesley,2,0,4049
13674,16,3237,3934,Barrett,Bondon,0,2,3934
13675,33,14,3444,Kelcy,Dyan,1,2,3444
13676,98,4303,2026,Robbie,Kaspar,1,2,2026
13677,46,1353,3937,Ozzy,Ferd,1,2,3937
13678,101,2711,1444,Olympe,Mackenzie,0,2,1444
13679,107,1966,1947,Stanley,Letti,2,0,1966
13680,63,2006,51,Odell,Kellen,0,2,51
13681,16,2928,3839,Denna,Cindelyn,2,0,2928
13682,47,3905,3446,Arlina,Samson,2,1,3905
13683,114,3014,4076,Blanca,Eduino,2,0,3014
13684,103,690,1071,Eba,Carmella,2,1,690
13685,100,2449,3112,Nikki,Karisa,2,1,2449
13686,97,2400,4217,Bartholomew,Josselyn,1,2,4217
13687,36,931,3972,Glendon,Tades,2,1,931
13688,117,2685,4652,Coralie,Barnabas,1,2,4652
13689,59,3521,1404,Kane,Gasper,0,2,1404
13690,114,4976,599,Beth,Lanie,0,2,599
13691,71,4184,4029,Keven,Carmine,1,2,4029
13692,116,2820,4435,Alikee,Zechariah,0,2,4435
13693,62,4483,3482,Emory,Celinka,0,2,3482
13694,83,4990,6,Nonie,Vincenz,1,2,6
13695,65,2233,4617,Alain,Ennis,2,0,2233
13696,104,1747,2999,Herrick,Nadiya,2,1,1747
13697,28,4459,2438,Christine,Gerladina,0,2,2438
13698,1,401,3258,Ezechiel,Teddy,0,2,3258
13699,73,2854,2338,Meridel,Stanly,0,2,2338
13700,6,3793,4611,Hallsy,Merwyn,1,2,4611
13701,6,200,3363,Ginny,Alicea,0,2,3363
13702,93,3488,3334,Dulce,Pattie,1,2,3334
13703,92,2382,3207,Murray,Koren,0,2,3207
13704,75,4622,4930,Michal,Manolo,2,1,4622
13705,92,927,3298,Naoma,Jamey,2,1,927
13706,111,993,3938,Carlen,Jemie,1,2,3938
13707,1,1371,1289,Gregory,Marilin,0,2,1289
13708,61,4303,2891,Garwin,Ebony,2,1,4303
13709,9,440,2416,Jules,Wildon,0,2,2416
13710,115,300,4800,Emory,Lockwood,0,2,4800
13711,107,3690,1753,Frankie,Kyle,1,2,1753
13712,111,200,4977,Darrel,Fran,1,2,4977
13713,84,1745,1117,Maison,Camella,1,2,1117
13714,3,2905,1724,Suzie,Leela,2,0,2905
13715,38,4994,765,Ivory,Gui,2,1,4994
13716,23,4907,1138,Orly,Tanner,2,1,4907
13717,48,3384,1869,Ashton,Verine,0,2,1869
13718,44,1264,624,Ermentrude,Adeline,2,1,1264
13719,23,2206,333,Jorge,Mignonne,0,2,333
13720,84,3475,1960,Joana,Roman,1,2,1960
13721,75,1966,3617,Vicki,Felice,2,0,1966
13722,51,3965,2245,Kalila,King,0,2,2245
13723,13,4634,1243,Phaedra,Sterling,2,0,4634
13724,21,1632,473,Rolland,Ernestus,2,0,1632
13725,71,1105,3030,Temple,Claude,2,1,1105
13726,35,171,575,Marlene,Penelope,1,2,575
13727,79,495,1490,Jourdan,Merralee,2,1,495
13728,54,333,1399,Justin,Bayard,1,2,1399
13729,33,4935,4341,Ceciley,Berky,0,2,4341
13730,35,3035,3702,Twila,Scotty,0,2,3702
13731,105,4795,38,Gilbertine,Novelia,0,2,38
13732,45,3417,1978,Kaye,Renate,2,0,3417
13733,30,2451,3583,Timotheus,Galvan,2,1,2451
13734,15,1431,1253,Law,Boris,1,2,1253
13735,72,976,3661,Tris,Gaile,1,2,3661
13736,5,4555,1577,Nicolle,Vicki,2,0,4555
13737,48,2439,251,Philly,Saunderson,1,2,251
13738,6,3541,4780,Natividad,Gabbie,0,2,4780
13739,74,2476,2719,Tamma,Silvie,1,2,2719
13740,10,3271,1186,Andie,Corabelle,0,2,1186
13741,69,3,2483,Peggy,Marven,1,2,2483
13742,28,116,4938,Tomas,Abagail,0,2,4938
13743,92,1590,4887,Raimundo,Hester,1,2,4887
13744,79,917,2017,Christy,Hanan,2,0,917
13745,28,2185,118,Durward,Frederik,0,2,118
13746,100,2249,2061,Mira,Leontyne,2,0,2249
13747,67,1445,4039,Analiese,Melesa,0,2,4039
13748,18,4790,2055,Inglebert,Piotr,0,2,2055
13749,83,424,1687,Jillene,Welby,0,2,1687
13750,90,1829,2282,Maria,Fidel,2,0,1829
13751,32,1386,334,Hilarius,Mackenzie,1,2,334
13752,25,2805,1420,Quentin,Hube,0,2,1420
13753,66,481,2639,Goldie,Kara-lynn,2,1,481
13754,1,2122,1049,Casey,Lou,1,2,1049
13755,39,2311,919,Leon,Sargent,2,0,2311
13756,24,4729,2547,Homer,Mead,1,2,2547
13757,70,3677,186,Lynn,Cesya,1,2,186
13758,69,614,2146,Irwin,Judi,1,2,2146
13759,31,43,2741,Aime,Paton,0,2,2741
13760,1,4851,2719,Rosabella,Bibi,1,2,2719
13761,80,2047,339,Leda,Corbet,1,2,339
13762,83,4332,1360,Brice,Gabbie,2,1,4332
13763,119,3137,121,Moe,Renelle,1,2,121
13764,96,4051,819,Opalina,Delia,0,2,819
13765,84,2849,194,Nikola,Penny,2,0,2849
13766,63,1309,28,Lucita,Pia,2,1,1309
13767,74,4864,1881,Pearl,Jo,0,2,1881
13768,91,4734,96,Johnathan,Rasla,0,2,96
13769,78,3693,4899,Vivie,Kinna,1,2,4899
13770,95,212,3198,Jermayne,Lonna,0,2,3198
13771,40,1858,3161,Prisca,Callean,2,1,1858
13772,114,3343,3869,Nixie,Georgiana,2,0,3343
13773,68,1300,1265,Avie,Dacia,0,2,1265
13774,18,2739,2528,Ebeneser,Arvie,2,0,2739
13775,21,210,3930,Bruce,Gardiner,1,2,3930
13776,44,3224,1561,Arnie,Shirl,0,2,1561
13777,77,1231,2618,Claudio,Nance,0,2,2618
13778,46,1995,596,Lillian,Udell,1,2,596
13779,116,3842,4114,Andriana,Marley,0,2,4114
13780,69,1727,2965,Lorette,Collette,2,0,1727
13781,105,3337,540,Casi,Roch,0,2,540
13782,14,765,2329,Carlota,Dietrich,2,1,765
13783,13,155,4136,Rickert,Sherlocke,2,1,155
13784,97,224,1226,Ellwood,Gussi,0,2,1226
13785,61,1617,640,Riccardo,Darrel,2,1,1617
13786,66,398,1340,Sheila-kathryn,Rosanna,1,2,1340
13787,40,869,2843,Robby,Reggi,1,2,2843
13788,47,3528,388,Carson,Hakeem,2,1,3528
13789,76,2684,3407,Yalonda,Torrence,0,2,3407
13790,104,1958,3367,Joell,Bridgette,1,2,3367
13791,4,4874,4832,Dalli,Marissa,0,2,4832
13792,29,779,1251,Mada,Kaylee,1,2,1251
13793,30,3286,4177,Danie,Elnore,0,2,4177
13794,97,2157,67,Adara,Curcio,0,2,67
13795,42,1327,3998,Valery,Anthia,2,0,1327
13796,6,2148,4433,Dyanna,Yul,2,1,2148
13797,105,3440,1240,Spense,Carry,1,2,1240
13798,58,4920,1951,Tiffi,Hersh,2,1,4920
13799,35,3536,3128,Karlen,Toni,0,2,3128
13800,110,3215,1228,Gustie,Gerardo,0,2,1228
13801,82,1699,3594,Jennee,Suki,0,2,3594
13802,99,1183,1893,Nev,Vida,0,2,1893
13803,89,550,4081,Corbett,Gal,2,0,550
13804,96,4904,117,Hatty,Miguel,1,2,117
13805,93,4097,1896,Peter,Ban,1,2,1896
13806,116,1451,4209,Juan,Gaye,2,1,1451
13807,15,3922,502,Fairleigh,Tiphanie,0,2,502
13808,113,658,4281,Camila,Hans,2,1,658
13809,34,4719,1918,Aldric,Lek,2,1,4719
13810,48,1023,3076,Janifer,Georgie,0,2,3076
13811,6,2700,2195,Lanae,Ashia,0,2,2195
13812,54,4477,1434,Carce,Tasha,1,2,1434
13813,34,4660,2972,Aloin,Sansone,1,2,2972
13814,93,1036,2091,Tyrone,Kynthia,0,2,2091
13815,41,4837,4605,Clayson,Vernice,1,2,4605
13816,46,2563,82,Beauregard,Billie,1,2,82
13817,27,4643,1175,Minny,Cullen,1,2,1175
13818,103,432,968,Marianne,Eloise,0,2,968
13819,15,1408,921,Nonnah,Link,1,2,921
13820,20,4983,1150,Tymon,Gusta,2,0,4983
13821,20,421,2108,Rafe,Addy,0,2,2108
13822,53,3904,2994,Lucais,Bridie,2,1,3904
13823,40,3418,3480,Kayla,Orbadiah,0,2,3480
13824,56,2713,887,Cortney,Roi,2,0,2713
13825,72,1330,99,Sally,Hugibert,2,1,1330
13826,8,2772,1143,Vivyan,Allistir,0,2,1143
13827,25,4717,4743,Fayre,Adrianna,0,2,4743
13828,102,756,4962,Tabby,Leonhard,1,2,4962
13829,102,4593,4401,Ilse,Alana,0,2,4401
13830,90,4407,1216,Cobbie,Donal,2,1,4407
13831,66,3946,644,Kalli,Clarabelle,0,2,644
13832,33,2012,4271,Raychel,Clea,1,2,4271
13833,68,2631,733,Alfie,Judd,0,2,733
13834,67,66,2508,Ashbey,Ailis,0,2,2508
13835,80,3786,4441,Talbert,Jacklyn,2,0,3786
13836,62,466,3194,Michele,Florina,0,2,3194
13837,9,3697,950,Sidonia,Fayre,0,2,950
13838,25,1028,4528,Collette,Skip,2,0,1028
13839,45,1743,4400,Marquita,Christye,2,1,1743
13840,16,2580,2866,Donelle,Effie,0,2,2866
13841,109,4568,1454,Cleo,Palm,2,0,4568
13842,20,2119,4690,Aliza,Roarke,2,1,2119
13843,19,2017,3416,Pietro,Lindsay,1,2,3416
13844,58,2156,366,Cassandry,Madlin,1,2,366
13845,55,2957,1541,Allan,Greta,2,1,2957
13846,97,4200,2186,Elysia,Alvera,2,1,4200
13847,23,691,1701,Aloin,Isidro,1,2,1701
13848,65,3218,1960,Jerrie,Arne,1,2,1960
13849,14,1926,1557,Lilian,Hally,2,1,1926
13850,89,607,2057,Lin,Jordanna,1,2,2057
13851,14,4329,3691,Graig,Anderea,0,2,3691
13852,109,4932,2341,Catharine,Renaldo,2,0,4932
13853,110,4367,3356,Gerrie,Reynolds,1,2,3356
13854,52,4327,3754,Rochelle,Lyndsie,0,2,3754
13855,102,1245,662,Eunice,Karlotte,1,2,662
13856,7,4215,4994,Farica,Cherice,1,2,4994
13857,74,4517,998,Inger,Horatius,1,2,998
13858,96,1518,4876,Sarena,Hersh,1,2,4876
13859,70,3280,3755,Cara,Maxine,0,2,3755
13860,9,85,3828,Maurie,Happy,0,2,3828
13861,108,903,213,Krysta,Xavier,2,0,903
13862,25,4318,2586,Anton,Glori,2,0,4318
13863,83,2790,696,Thorsten,Ichabod,2,1,2790
13864,120,2936,2074,Alden,Vevay,0,2,2074
13865,26,2278,3782,Osbert,Konrad,1,2,3782
13866,70,2192,818,Eyde,Jess,0,2,818
13867,25,4819,4569,Yvor,Dixie,1,2,4569
13868,52,4934,3931,Blanche,Berton,0,2,3931
13869,53,1106,401,Jori,Hyatt,1,2,401
13870,55,473,2250,Janela,Hayden,2,1,473
13871,91,974,4044,Fran,Grove,1,2,4044
13872,108,192,4944,Lazare,Kalli,2,0,192
13873,97,3056,3961,Ailbert,Kyle,2,0,3056
13874,39,2235,3365,Bent,Reinold,2,1,2235
13875,120,715,1371,Saudra,Nona,0,2,1371
13876,93,3004,3423,Tillie,Corabel,1,2,3423
13877,47,1815,3508,Lulu,Collie,2,1,1815
13878,115,391,1237,Trip,Ricoriki,0,2,1237
13879,83,3957,1048,Xerxes,Drucie,2,1,3957
13880,10,836,3215,Stesha,Tome,2,1,836
13881,72,1425,2315,Beverley,Shirline,2,1,1425
13882,117,1384,3666,Alisander,Chet,1,2,3666
13883,10,1561,1625,Aguste,Pippy,2,1,1561
13884,83,101,3072,Hugo,Ermentrude,2,1,101
13885,37,196,213,Kermit,Monica,0,2,213
13886,62,766,3320,Dulcea,Nissie,1,2,3320
13887,57,3387,2989,Chick,Dorena,1,2,2989
13888,62,51,3802,Livvy,Elbertina,1,2,3802
13889,49,569,2675,Jarrad,Petra,2,1,569
13890,107,1647,3346,Dasha,Marlee,2,0,1647
13891,67,82,2916,Verla,Kristal,2,0,82
13892,44,3618,4487,Golda,Imogene,1,2,4487
13893,15,4024,2997,Bev,Cate,1,2,2997
13894,118,3960,1727,Codi,Cathie,0,2,1727
13895,110,1721,3670,Rania,Eleanor,0,2,3670
13896,90,1509,1082,Cicely,Mariette,1,2,1082
13897,24,3726,4152,Gussy,Grata,2,1,3726
13898,81,733,2919,Dirk,Lorine,1,2,2919
13899,27,4426,903,Adlai,Georgetta,0,2,903
13900,51,429,3981,Maire,Roderick,1,2,3981
13901,23,4410,4280,Godard,Ruth,1,2,4280
13902,101,3164,267,Rebeka,Connie,0,2,267
13903,112,785,2851,Sebastiano,Anne,0,2,2851
13904,31,970,4836,Marrilee,Raffaello,2,0,970
13905,94,3777,3528,Leia,Pris,1,2,3528
13906,51,3222,3105,Martguerita,Robinet,0,2,3105
13907,88,2351,1511,Mariya,Marius,2,0,2351
13908,81,3906,2452,Morley,Natividad,2,1,3906
13909,1,1687,3404,Faunie,Paule,2,0,1687
13910,87,418,602,Netta,Fredrika,0,2,602
13911,64,1318,4659,Roze,Julian,1,2,4659
13912,104,4494,812,Ellerey,Sybyl,2,1,4494
13913,47,1006,4970,Renaud,June,0,2,4970
13914,13,2941,4113,Maryrose,Renata,1,2,4113
13915,14,4543,2290,Aristotle,Burl,1,2,2290
13916,3,3082,729,Teirtza,Coralie,1,2,729
13917,67,4627,334,Erma,Alejandra,2,1,4627
13918,26,2547,1211,Celestyna,Janaya,2,1,2547
13919,94,2821,4209,Bronny,Esme,0,2,4209
13920,18,4687,307,Leoline,Benton,2,1,4687
13921,55,222,4116,Cassandre,Harwilll,0,2,4116
13922,104,280,2959,Karole,Appolonia,2,1,280
13923,68,947,2535,Rutger,Zoe,0,2,2535
13924,90,17,3578,Darla,Andrus,1,2,3578
13925,101,3788,3046,Collete,Abbie,0,2,3046
13926,89,1332,4647,Morganne,Billy,2,1,1332
13927,84,3189,3486,Diego,Brnaba,0,2,3486
13928,33,798,337,Merrel,Violette,2,0,798
13929,18,2891,2086,Sully,Frannie,2,0,2891
13930,55,1079,2115,Aloysius,Silvanus,2,1,1079
13931,4,3146,2955,Currie,Ara,1,2,2955
13932,53,3552,616,Luis,Ofella,0,2,616
13933,119,4497,1320,Ray,Gabby,2,0,4497
13934,52,1107,4415,Emelda,Siouxie,1,2,4415
13935,41,1414,314,Ginger,Bradly,0,2,314
13936,42,818,1467,Tad,Ninette,0,2,1467
13937,10,1806,4789,Britt,Louie,2,0,1806
13938,10,42,4425,Cesya,Kaylee,2,1,42
13939,39,1021,11,Bette,Marmaduke,2,0,1021
13940,38,1219,3068,Alexa,Rhodia,1,2,3068
13941,15,1572,2676,Aretha,Conrad,0,2,2676
13942,46,1541,2348,Antonius,Nickolai,1,2,2348
13943,74,2262,2820,Jess,Kala,0,2,2820
13944,31,1077,4251,Penelope,Murray,1,2,4251
13945,88,3440,18,Adora,Park,1,2,18
13946,57,1177,181,Reynold,Arlen,0,2,181
13947,19,3897,3192,Gail,Sherlocke,2,0,3897
13948,95,2585,1165,Willow,Denys,1,2,1165
13949,9,363,3689,Ruthann,Jeana,0,2,3689
13950,77,2033,1510,Taylor,Nicky,2,1,2033
13951,41,2613,4953,Rivkah,Aili,1,2,4953
13952,91,3309,4052,Sherlock,Gabriell,1,2,4052
13953,116,2748,1905,Renard,Andriana,1,2,1905
13954,8,1649,2615,Antonino,Giselle,0,2,2615
13955,114,2464,1503,Meta,Nero,1,2,1503
13956,104,302,4242,Bobine,Hyacinthia,2,1,302
13957,98,4179,885,Jereme,Dickie,2,1,4179
13958,29,291,3262,Wake,Mitchell,1,2,3262
13959,93,3472,4623,Jaymie,Orel,2,1,3472
13960,2,4331,916,Carolan,Sigfrid,1,2,916
13961,119,1381,140,Clemmy,Charisse,1,2,140
13962,71,4278,12,Amandi,Adler,1,2,12
13963,116,761,2978,Krystal,Aurie,2,1,761
13964,50,484,284,Humfried,Tiffi,1,2,284
13965,84,275,525,Melamie,Ulises,0,2,525
13966,119,3975,450,Opaline,Melania,1,2,450
13967,14,2743,1595,Olwen,Roch,2,1,2743
13968,35,3500,2941,Ross,Mattie,1,2,2941
13969,109,2338,1117,Roz,Cherice,0,2,1117
13970,32,153,4782,Alana,Rahal,1,2,4782
13971,95,1367,2115,Kerri,Jeanna,1,2,2115
13972,33,1007,4316,Myrta,Delcina,1,2,4316
13973,8,4983,4846,Gilda,Frasco,0,2,4846
13974,21,2486,1981,Sam,Bryant,2,0,2486
13975,58,3725,4084,Felipa,Lewes,1,2,4084
13976,19,50,4794,Raven,Fiona,2,0,50
13977,89,2883,3646,Sandro,Stan,2,1,2883
13978,74,3414,2020,Duke,Elsy,0,2,2020
13979,113,3495,3108,Alfonse,Merilyn,2,0,3495
13980,75,966,986,Emilie,Gayla,2,1,966
13981,66,3149,813,Trudy,L;urette,2,1,3149
13982,102,3635,174,Correy,Rubie,2,1,3635
13983,47,1387,3277,Skip,Cherry,1,2,3277
13984,116,555,3816,Donnajean,Keslie,2,1,555
13985,79,917,1950,Margarethe,Mariana,0,2,1950
13986,97,4691,2723,Christoper,Darren,2,1,4691
13987,50,3041,4797,Margit,Hillel,2,1,3041
13988,86,2310,1153,Nara,Yvonne,0,2,1153
13989,1,1376,1835,Isidor,Antin,2,1,1376
13990,24,2715,230,Verena,Suzanna,0,2,230
13991,49,3902,2512,Lyndy,Marcile,2,1,3902
13992,13,3942,3594,Gwenny,Veronique,1,2,3594
13993,1,109,161,Mellicent,Irvin,1,2,161
13994,68,791,4350,Roselle,Fannie,2,0,791
13995,71,970,945,Reeta,Kelsy,0,2,945
13996,41,2466,2957,Lia,Kennett,2,0,2466
13997,87,842,2550,Susi,Galven,2,1,842
13998,62,222,1918,Twila,Bernetta,0,2,1918
13999,15,2982,2018,Augusto,Christye,1,2,2018
14000,41,946,964,Tatum,Hunter,1,2,964
